"","name","value"
"1","Skin_Tone",0.000714012684700751
"2","Position",0.0118102107122133
"3","Yellow_Cards",0.0240295942011697
"4","Height",0.00223738744237861
"5","Weight",0.00223738744237861
"6","Age",0.0160515835934165
"7","Mean_IAT",8.64786892604418e-05
"8","Victories",0.0324930012585459
"9","Skin_Tone",0.0129602449154576
"10","Position",0.0129602449154576
"11","Yellow_Cards",0.0253483345765002
"12","Height",0.00309483457087397
"13","Weight",0.00309483457087397
"14","Age",0.0173300220502156
"15","Mean_IAT",0.000804359777004736
"16","Victories",0.0339582020686506
"17","Skin_Tone",0.0253483345765002
"18","Position",0.0358749008159169
"19","Yellow_Cards",0.0358749008159169
"20","Height",0.012078115010996
"21","Weight",0.012078115010996
"22","Age",0.0256613954113168
"23","Mean_IAT",0.0118939690001574
"24","Victories",0.0439158054019627
"25","Skin_Tone",0.0378399367518174
"26","Position",0.0378399367518174
"27","Yellow_Cards",0.0378399367518174
"28","Height",0.0132538556968878
"29","Weight",0.0132538556968878
"30","Age",0.027112464040758
"31","Mean_IAT",0.0130495571909407
"32","Victories",0.0458639659366133
"33","Skin_Tone",0.00309483457087397
"34","Position",0.012078115010996
"35","Yellow_Cards",0.0272654625095414
"36","Height",0.0272654625095414
"37","Weight",0.0272654625095414
"38","Age",0.0351555954581483
"39","Mean_IAT",0.0240472068215256
"40","Victories",0.0378910390076964
"41","Skin_Tone",0.0132538556968878
"42","Position",0.0132538556968878
"43","Yellow_Cards",0.0288068680488667
"44","Height",0.0288068680488667
"45","Weight",0.0288068680488667
"46","Age",0.0369441108359151
"47","Mean_IAT",0.0253720031492651
"48","Victories",0.0395402570496432
"49","Skin_Tone",0.0288068680488667
"50","Position",0.0362300627402103
"51","Yellow_Cards",0.0362300627402103
"52","Height",0.0362300627402103
"53","Weight",0.0362300627402103
"54","Age",0.0441380318521948
"55","Mean_IAT",0.0358942366697013
"56","Victories",0.0493415613047255
"57","Skin_Tone",0.0382435590003322
"58","Position",0.0382435590003322
"59","Yellow_Cards",0.0382435590003322
"60","Height",0.0382435590003322
"61","Weight",0.0382435590003322
"62","Age",0.0462383181508075
"63","Mean_IAT",0.0378674875664476
"64","Victories",0.0515812185913386
"65","Skin_Tone",0.00364842248792577
"66","Position",0.0125852033269789
"67","Yellow_Cards",0.0276165939896751
"68","Height",0.00297501037677698
"69","Weight",0.00297501037677698
"70","Age",0.017236436530701
"71","Mean_IAT",0.00234024837611785
"72","Victories",0.0347018185010345
"73","Skin_Tone",0.0136987053653558
"74","Position",0.0136987053653558
"75","Yellow_Cards",0.0289403856616636
"76","Height",0.00375510245896927
"77","Weight",0.00375510245896927
"78","Age",0.0186274960608625
"79","Mean_IAT",0.00320027587480985
"80","Victories",0.0363672234288494
"81","Skin_Tone",0.0289403856616636
"82","Position",0.0365233164172406
"83","Yellow_Cards",0.0365233164172406
"84","Height",0.0126194792400675
"85","Weight",0.0126194792400675
"86","Age",0.0258797043517916
"87","Mean_IAT",0.0121665003334846
"88","Victories",0.044209287094813
"89","Skin_Tone",0.038444167385735
"90","Position",0.038444167385735
"91","Yellow_Cards",0.038444167385735
"92","Height",0.0137147794727351
"93","Weight",0.0137147794727351
"94","Age",0.0273520834837087
"95","Mean_IAT",0.0133470791620435
"96","Victories",0.0461962229793958
"97","Skin_Tone",0.00375510245896927
"98","Position",0.0126194792400675
"99","Yellow_Cards",0.0278916193922861
"100","Height",0.0278916193922861
"101","Weight",0.0278916193922861
"102","Age",0.0374037794512349
"103","Mean_IAT",0.0272939550725206
"104","Victories",0.0408445132373429
"105","Skin_Tone",0.0137147794727351
"106","Position",0.0137147794727351
"107","Yellow_Cards",0.0293272058964886
"108","Height",0.0293272058964886
"109","Weight",0.0293272058964886
"110","Age",0.0393746545173049
"111","Mean_IAT",0.0288424394086755
"112","Victories",0.0427374350066204
"113","Skin_Tone",0.0293272058964886
"114","Position",0.0365228950164078
"115","Yellow_Cards",0.0365228950164078
"116","Height",0.0365228950164078
"117","Weight",0.0365228950164078
"118","Age",0.0444749859173216
"119","Mean_IAT",0.0362532500489173
"120","Victories",0.0497265674456324
"121","Skin_Tone",0.0384536855325371
"122","Position",0.0384536855325371
"123","Yellow_Cards",0.0384536855325371
"124","Height",0.0384536855325371
"125","Weight",0.0384536855325371
"126","Age",0.0466173027040851
"127","Mean_IAT",0.0382756410955248
"128","Victories",0.052018842919491
"129","Skin_Tone",0.0173300220502156
"130","Position",0.0256613954113168
"131","Yellow_Cards",0.0351555954581483
"132","Height",0.017236436530701
"133","Weight",0.017236436530701
"134","Age",0.0170830998765336
"135","Mean_IAT",0.00300948310753129
"136","Victories",0.0349135620934945
"137","Skin_Tone",0.027112464040758
"138","Position",0.027112464040758
"139","Yellow_Cards",0.0369441108359151
"140","Height",0.0186274960608625
"141","Weight",0.0186274960608625
"142","Age",0.0183524113129782
"143","Mean_IAT",0.00375283899024151
"144","Victories",0.0363954343896413
"145","Skin_Tone",0.0369441108359151
"146","Position",0.0441380318521948
"147","Yellow_Cards",0.0441380318521948
"148","Height",0.0258797043517916
"149","Weight",0.0258797043517916
"150","Age",0.0259463637130208
"151","Mean_IAT",0.0126739293724957
"152","Victories",0.0444676133344578
"153","Skin_Tone",0.0462383181508075
"154","Position",0.0462383181508075
"155","Yellow_Cards",0.0462383181508075
"156","Height",0.0273520834837087
"157","Weight",0.0273520834837087
"158","Age",0.0273643433469063
"159","Mean_IAT",0.0137921816688756
"160","Victories",0.0463695861600719
"161","Skin_Tone",0.0186274960608625
"162","Position",0.0258797043517916
"163","Yellow_Cards",0.0374037794512349
"164","Height",0.0374037794512349
"165","Weight",0.0374037794512349
"166","Age",0.0370234703956278
"167","Mean_IAT",0.0276447473519923
"168","Victories",0.0408922575598724
"169","Skin_Tone",0.0273520834837087
"170","Position",0.0273520834837087
"171","Yellow_Cards",0.0393746545173049
"172","Height",0.0393746545173049
"173","Weight",0.0393746545173049
"174","Age",0.0387819189872342
"175","Mean_IAT",0.0289751982945172
"176","Victories",0.0425470973746027
"177","Skin_Tone",0.0393746545173049
"178","Position",0.0444749859173216
"179","Yellow_Cards",0.0444749859173216
"180","Height",0.0444749859173216
"181","Weight",0.0444749859173216
"182","Age",0.0444559063531852
"183","Mean_IAT",0.0365465590078201
"184","Victories",0.0498965480961642
"185","Skin_Tone",0.0466173027040851
"186","Position",0.0466173027040851
"187","Yellow_Cards",0.0466173027040851
"188","Height",0.0466173027040851
"189","Weight",0.0466173027040851
"190","Age",0.0465187801753383
"191","Mean_IAT",0.0384757649514744
"192","Victories",0.0520867607094353
"193","Skin_Tone",0.0183524113129782
"194","Position",0.0259463637130208
"195","Yellow_Cards",0.0370234703956278
"196","Height",0.0173028149613662
"197","Weight",0.0173028149613662
"198","Age",0.0173028149613662
"199","Mean_IAT",0.00307812874607167
"200","Victories",0.0351014050966766
"201","Skin_Tone",0.0273643433469063
"202","Position",0.0273643433469063
"203","Yellow_Cards",0.0387819189872342
"204","Height",0.0186600678708348
"205","Weight",0.0186600678708348
"206","Age",0.0186600678708348
"207","Mean_IAT",0.00386135701629851
"208","Victories",0.0366803599191183
"209","Skin_Tone",0.0387819189872342
"210","Position",0.0444559063531852
"211","Yellow_Cards",0.0444559063531852
"212","Height",0.0259585848449461
"213","Weight",0.0259585848449461
"214","Age",0.0259585848449461
"215","Mean_IAT",0.0127069762840244
"216","Victories",0.0444665718689023
"217","Skin_Tone",0.0465187801753383
"218","Position",0.0465187801753383
"219","Yellow_Cards",0.0465187801753383
"220","Height",0.0273959867336289
"221","Weight",0.0273959867336289
"222","Age",0.0273959867336289
"223","Mean_IAT",0.0138074861992487
"224","Victories",0.0463761425423993
"225","Skin_Tone",0.0186600678708348
"226","Position",0.0259585848449461
"227","Yellow_Cards",0.037507363938621
"228","Height",0.037507363938621
"229","Weight",0.037507363938621
"230","Age",0.037507363938621
"231","Mean_IAT",0.0279209725098385
"232","Victories",0.0412427662582314
"233","Skin_Tone",0.0273959867336289
"234","Position",0.0273959867336289
"235","Yellow_Cards",0.0394282470383782
"236","Height",0.0394282470383782
"237","Weight",0.0394282470383782
"238","Age",0.0394282470383782
"239","Mean_IAT",0.0293636518008771
"240","Victories",0.0430399592484762
"241","Skin_Tone",0.0394282470383782
"242","Position",0.0445160747399599
"243","Yellow_Cards",0.0445160747399599
"244","Height",0.0445160747399599
"245","Weight",0.0445160747399599
"246","Age",0.0445160747399599
"247","Mean_IAT",0.0365459910336965
"248","Victories",0.0499087914788465
"249","Skin_Tone",0.0466308365352031
"250","Position",0.0466308365352031
"251","Yellow_Cards",0.0466308365352031
"252","Height",0.0466308365352031
"253","Weight",0.0466308365352031
"254","Age",0.0466308365352031
"255","Mean_IAT",0.0384854857698323
"256","Victories",0.0521301408443005
"257","Skin_Tone",0.000804359777004736
"258","Position",0.0118939690001574
"259","Yellow_Cards",0.0240472068215256
"260","Height",0.00234024837611785
"261","Weight",0.00234024837611785
"262","Age",0.0161352404322968
"263","Mean_IAT",0.0161352404322968
"264","Victories",0.0406213167284826
"265","Skin_Tone",0.0130495571909407
"266","Position",0.0130495571909407
"267","Yellow_Cards",0.0253720031492651
"268","Height",0.00320027587480985
"269","Weight",0.00320027587480985
"270","Age",0.017430523919469
"271","Mean_IAT",0.017430523919469
"272","Victories",0.0424723892748607
"273","Skin_Tone",0.0253720031492651
"274","Position",0.0358942366697013
"275","Yellow_Cards",0.0358942366697013
"276","Height",0.0121665003334846
"277","Weight",0.0121665003334846
"278","Age",0.0257407274660609
"279","Mean_IAT",0.0257407274660609
"280","Victories",0.0502821095348058
"281","Skin_Tone",0.0378674875664476
"282","Position",0.0378674875664476
"283","Yellow_Cards",0.0378674875664476
"284","Height",0.0133470791620435
"285","Weight",0.0133470791620435
"286","Age",0.0272092060675221
"287","Mean_IAT",0.0272092060675221
"288","Victories",0.0523703886676382
"289","Skin_Tone",0.00320027587480985
"290","Position",0.0121665003334846
"291","Yellow_Cards",0.0272939550725206
"292","Height",0.0272939550725206
"293","Weight",0.0272939550725206
"294","Age",0.0351786982605361
"295","Mean_IAT",0.0351786982605361
"296","Victories",0.0453371365910095
"297","Skin_Tone",0.0133470791620435
"298","Position",0.0133470791620435
"299","Yellow_Cards",0.0288424394086755
"300","Height",0.0288424394086755
"301","Weight",0.0288424394086755
"302","Age",0.036981810399066
"303","Mean_IAT",0.036981810399066
"304","Victories",0.0473494409740246
"305","Skin_Tone",0.0288424394086755
"306","Position",0.0362532500489173
"307","Yellow_Cards",0.0362532500489173
"308","Height",0.0362532500489173
"309","Weight",0.0362532500489173
"310","Age",0.0441614388962641
"311","Mean_IAT",0.0441614388962641
"312","Victories",0.0546320223623665
"313","Skin_Tone",0.0382756410955248
"314","Position",0.0382756410955248
"315","Yellow_Cards",0.0382756410955248
"316","Height",0.0382756410955248
"317","Weight",0.0382756410955248
"318","Age",0.0462766843954485
"319","Mean_IAT",0.0462766843954485
"320","Victories",0.0569609376995114
"321","Skin_Tone",0.00375283899024151
"322","Position",0.0126739293724957
"323","Yellow_Cards",0.0276447473519923
"324","Height",0.00307812874607167
"325","Weight",0.00307812874607167
"326","Age",0.0173351430917067
"327","Mean_IAT",0.0173351430917067
"328","Victories",0.0421112819253967
"329","Skin_Tone",0.0137921816688756
"330","Position",0.0137921816688756
"331","Yellow_Cards",0.0289751982945172
"332","Height",0.00386135701629851
"333","Weight",0.00386135701629851
"334","Age",0.0187434172358112
"335","Mean_IAT",0.0187434172358112
"336","Victories",0.0441198940017845
"337","Skin_Tone",0.0289751982945172
"338","Position",0.0365465590078201
"339","Yellow_Cards",0.0365465590078201
"340","Height",0.0127069762840244
"341","Weight",0.0127069762840244
"342","Age",0.0259644388366606
"343","Mean_IAT",0.0259644388366606
"344","Victories",0.05055390284547
"345","Skin_Tone",0.0384757649514744
"346","Position",0.0384757649514744
"347","Yellow_Cards",0.0384757649514744
"348","Height",0.0138074861992487
"349","Weight",0.0138074861992487
"350","Age",0.0274539959786894
"351","Mean_IAT",0.0274539959786894
"352","Victories",0.0526762693018514
"353","Skin_Tone",0.00386135701629851
"354","Position",0.0127069762840244
"355","Yellow_Cards",0.0279209725098385
"356","Height",0.0279209725098385
"357","Weight",0.0279209725098385
"358","Age",0.0374379904348344
"359","Mean_IAT",0.0374379904348344
"360","Victories",0.0475047224823982
"361","Skin_Tone",0.0138074861992487
"362","Position",0.0138074861992487
"363","Yellow_Cards",0.0293636518008771
"364","Height",0.0293636518008771
"365","Weight",0.0293636518008771
"366","Age",0.0394258571120395
"367","Mean_IAT",0.0394258571120395
"368","Victories",0.0497162719614528
"369","Skin_Tone",0.0293636518008771
"370","Position",0.0365459910336965
"371","Yellow_Cards",0.0365459910336965
"372","Height",0.0365459910336965
"373","Weight",0.0365459910336965
"374","Age",0.0445025373511763
"375","Mean_IAT",0.0445025373511763
"376","Victories",0.0549977426514773
"377","Skin_Tone",0.0384854857698323
"378","Position",0.0384854857698323
"379","Yellow_Cards",0.0384854857698323
"380","Height",0.0384854857698323
"381","Weight",0.0384854857698323
"382","Age",0.0466608554002282
"383","Mean_IAT",0.0466608554002282
"384","Victories",0.0573733654412646
"385","Skin_Tone",0.017430523919469
"386","Position",0.0257407274660609
"387","Yellow_Cards",0.0351786982605361
"388","Height",0.0173351430917067
"389","Weight",0.0173351430917067
"390","Age",0.0171757094292421
"391","Mean_IAT",0.0171757094292421
"392","Victories",0.0418201781447501
"393","Skin_Tone",0.0272092060675221
"394","Position",0.0272092060675221
"395","Yellow_Cards",0.036981810399066
"396","Height",0.0187434172358112
"397","Weight",0.0187434172358112
"398","Age",0.0184611295399071
"399","Mean_IAT",0.0184611295399071
"400","Victories",0.0436514496404065
"401","Skin_Tone",0.036981810399066
"402","Position",0.0441614388962641
"403","Yellow_Cards",0.0441614388962641
"404","Height",0.0259644388366606
"405","Weight",0.0259644388366606
"406","Age",0.0260286654040748
"407","Mean_IAT",0.0260286654040748
"408","Victories",0.0505594978494916
"409","Skin_Tone",0.0462766843954485
"410","Position",0.0462766843954485
"411","Yellow_Cards",0.0462766843954485
"412","Height",0.0274539959786894
"413","Weight",0.0274539959786894
"414","Age",0.0274632751371286
"415","Mean_IAT",0.0274632751371286
"416","Victories",0.0526052818283352
"417","Skin_Tone",0.0187434172358112
"418","Position",0.0259644388366606
"419","Yellow_Cards",0.0374379904348344
"420","Height",0.0374379904348344
"421","Weight",0.0374379904348344
"422","Age",0.0370532225992904
"423","Mean_IAT",0.0370532225992904
"424","Victories",0.0470402875640601
"425","Skin_Tone",0.0274539959786894
"426","Position",0.0274539959786894
"427","Yellow_Cards",0.0394258571120395
"428","Height",0.0394258571120395
"429","Weight",0.0394258571120395
"430","Age",0.0388265423720906
"431","Mean_IAT",0.0388265423720906
"432","Victories",0.0490230949567839
"433","Skin_Tone",0.0394258571120395
"434","Position",0.0445025373511763
"435","Yellow_Cards",0.0445025373511763
"436","Height",0.0445025373511763
"437","Weight",0.0445025373511763
"438","Age",0.0444815965197008
"439","Mean_IAT",0.0444815965197008
"440","Victories",0.0549405538653317
"441","Skin_Tone",0.0466608554002282
"442","Position",0.0466608554002282
"443","Yellow_Cards",0.0466608554002282
"444","Height",0.0466608554002282
"445","Weight",0.0466608554002282
"446","Age",0.0465593622259875
"447","Mean_IAT",0.0465593622259875
"448","Victories",0.0572256178710189
"449","Skin_Tone",0.0184611295399071
"450","Position",0.0260286654040748
"451","Yellow_Cards",0.0370532225992904
"452","Height",0.0174005734108166
"453","Weight",0.0174005734108166
"454","Age",0.0174005734108166
"455","Mean_IAT",0.0174005734108166
"456","Victories",0.0421574900324898
"457","Skin_Tone",0.0274632751371286
"458","Position",0.0274632751371286
"459","Yellow_Cards",0.0388265423720906
"460","Height",0.0187752171114431
"461","Weight",0.0187752171114431
"462","Age",0.0187752171114431
"463","Mean_IAT",0.0187752171114431
"464","Victories",0.0441279246651168
"465","Skin_Tone",0.0388265423720906
"466","Position",0.0444815965197008
"467","Yellow_Cards",0.0444815965197008
"468","Height",0.0260420897644681
"469","Weight",0.0260420897644681
"470","Age",0.0260420897644681
"471","Mean_IAT",0.0260420897644681
"472","Victories",0.0505987363664749
"473","Skin_Tone",0.0465593622259875
"474","Position",0.0465593622259875
"475","Yellow_Cards",0.0465593622259875
"476","Height",0.0274968211233511
"477","Weight",0.0274968211233511
"478","Age",0.0274968211233511
"479","Mean_IAT",0.0274968211233511
"480","Victories",0.0526875048280417
"481","Skin_Tone",0.0187752171114431
"482","Position",0.0260420897644681
"483","Yellow_Cards",0.0375410454503636
"484","Height",0.0375410454503636
"485","Weight",0.0375410454503636
"486","Age",0.0375410454503636
"487","Mean_IAT",0.0375410454503636
"488","Victories",0.0475670162522123
"489","Skin_Tone",0.0274968211233511
"490","Position",0.0274968211233511
"491","Yellow_Cards",0.0394788545852362
"492","Height",0.0394788545852362
"493","Weight",0.0394788545852362
"494","Age",0.0394788545852362
"495","Mean_IAT",0.0394788545852362
"496","Victories",0.0497341674779109
"497","Skin_Tone",0.0394788545852362
"498","Position",0.0445431796466935
"499","Yellow_Cards",0.0445431796466935
"500","Height",0.0445431796466935
"501","Weight",0.0445431796466935
"502","Age",0.0445431796466935
"503","Mean_IAT",0.0445431796466935
"504","Victories",0.0550248876568545
"505","Skin_Tone",0.0466739819866546
"506","Position",0.0466739819866546
"507","Yellow_Cards",0.0466739819866546
"508","Height",0.0466739819866546
"509","Weight",0.0466739819866546
"510","Age",0.0466739819866546
"511","Mean_IAT",0.0466739819866546
"512","Victories",0.0573758295672969
"513","Skin_Tone",0.0339582020686506
"514","Position",0.0439158054019627
"515","Yellow_Cards",0.0378910390076964
"516","Height",0.0347018185010345
"517","Weight",0.0347018185010345
"518","Age",0.0406213167284826
"519","Mean_IAT",0.0326007521468041
"520","Victories",0.0326007521468041
"521","Skin_Tone",0.0458639659366133
"522","Position",0.0458639659366133
"523","Yellow_Cards",0.0395402570496432
"524","Height",0.0363672234288494
"525","Weight",0.0363672234288494
"526","Age",0.0424723892748607
"527","Mean_IAT",0.0340747311499512
"528","Victories",0.0340747311499512
"529","Skin_Tone",0.0395402570496432
"530","Position",0.0493415613047255
"531","Yellow_Cards",0.0493415613047255
"532","Height",0.044209287094813
"533","Weight",0.044209287094813
"534","Age",0.0502821095348058
"535","Mean_IAT",0.0440457041965076
"536","Victories",0.0440457041965076
"537","Skin_Tone",0.0515812185913386
"538","Position",0.0515812185913386
"539","Yellow_Cards",0.0515812185913386
"540","Height",0.0461962229793958
"541","Weight",0.0461962229793958
"542","Age",0.0523703886676382
"543","Mean_IAT",0.0460062507293195
"544","Victories",0.0460062507293195
"545","Skin_Tone",0.0363672234288494
"546","Position",0.044209287094813
"547","Yellow_Cards",0.0408445132373429
"548","Height",0.0408445132373429
"549","Weight",0.0408445132373429
"550","Age",0.0453371365910095
"551","Mean_IAT",0.0379832286779691
"552","Victories",0.0379832286779691
"553","Skin_Tone",0.0461962229793958
"554","Position",0.0461962229793958
"555","Yellow_Cards",0.0427374350066204
"556","Height",0.0427374350066204
"557","Weight",0.0427374350066204
"558","Age",0.0473494409740246
"559","Mean_IAT",0.0396507478211547
"560","Victories",0.0396507478211547
"561","Skin_Tone",0.0427374350066204
"562","Position",0.0497265674456324
"563","Yellow_Cards",0.0497265674456324
"564","Height",0.0497265674456324
"565","Weight",0.0497265674456324
"566","Age",0.0546320223623665
"567","Mean_IAT",0.0494533632873603
"568","Victories",0.0494533632873603
"569","Skin_Tone",0.052018842919491
"570","Position",0.052018842919491
"571","Yellow_Cards",0.052018842919491
"572","Height",0.052018842919491
"573","Weight",0.052018842919491
"574","Age",0.0569609376995114
"575","Mean_IAT",0.0517165745618883
"576","Victories",0.0517165745618883
"577","Skin_Tone",0.0363954343896413
"578","Position",0.0444676133344578
"579","Yellow_Cards",0.0408922575598724
"580","Height",0.0351014050966766
"581","Weight",0.0351014050966766
"582","Age",0.0421112819253967
"583","Mean_IAT",0.0348302739175492
"584","Victories",0.0348302739175492
"585","Skin_Tone",0.0463695861600719
"586","Position",0.0463695861600719
"587","Yellow_Cards",0.0425470973746027
"588","Height",0.0366803599191183
"589","Weight",0.0366803599191183
"590","Age",0.0441198940017845
"591","Mean_IAT",0.0365030168496989
"592","Victories",0.0365030168496989
"593","Skin_Tone",0.0425470973746027
"594","Position",0.0498965480961642
"595","Yellow_Cards",0.0498965480961642
"596","Height",0.0444665718689023
"597","Weight",0.0444665718689023
"598","Age",0.05055390284547
"599","Mean_IAT",0.0443446128247661
"600","Victories",0.0443446128247661
"601","Skin_Tone",0.0520867607094353
"602","Position",0.0520867607094353
"603","Yellow_Cards",0.0520867607094353
"604","Height",0.0463761425423993
"605","Weight",0.0463761425423993
"606","Age",0.0526762693018514
"607","Mean_IAT",0.0463427711633251
"608","Victories",0.0463427711633251
"609","Skin_Tone",0.0366803599191183
"610","Position",0.0444665718689023
"611","Yellow_Cards",0.0412427662582314
"612","Height",0.0412427662582314
"613","Weight",0.0412427662582314
"614","Age",0.0475047224823982
"615","Mean_IAT",0.0409609974163268
"616","Victories",0.0409609974163268
"617","Skin_Tone",0.0463761425423993
"618","Position",0.0463761425423993
"619","Yellow_Cards",0.0430399592484762
"620","Height",0.0430399592484762
"621","Weight",0.0430399592484762
"622","Age",0.0497162719614528
"623","Mean_IAT",0.0428733507532287
"624","Victories",0.0428733507532287
"625","Skin_Tone",0.0430399592484762
"626","Position",0.0499087914788465
"627","Yellow_Cards",0.0499087914788465
"628","Height",0.0499087914788465
"629","Weight",0.0499087914788465
"630","Age",0.0549977426514773
"631","Mean_IAT",0.0498474952618173
"632","Victories",0.0498474952618173
"633","Skin_Tone",0.0521301408443005
"634","Position",0.0521301408443005
"635","Yellow_Cards",0.0521301408443005
"636","Height",0.0521301408443005
"637","Weight",0.0521301408443005
"638","Age",0.0573733654412646
"639","Mean_IAT",0.0521636416338783
"640","Victories",0.0521636416338783
"641","Skin_Tone",0.0424723892748607
"642","Position",0.0502821095348058
"643","Yellow_Cards",0.0453371365910095
"644","Height",0.0421112819253967
"645","Weight",0.0421112819253967
"646","Age",0.0418201781447501
"647","Mean_IAT",0.0350369833039622
"648","Victories",0.0350369833039622
"649","Skin_Tone",0.0523703886676382
"650","Position",0.0523703886676382
"651","Yellow_Cards",0.0473494409740246
"652","Height",0.0441198940017845
"653","Weight",0.0441198940017845
"654","Age",0.0436514496404065
"655","Mean_IAT",0.0365256197664716
"656","Victories",0.0365256197664716
"657","Skin_Tone",0.0473494409740246
"658","Position",0.0546320223623665
"659","Yellow_Cards",0.0546320223623665
"660","Height",0.05055390284547
"661","Weight",0.05055390284547
"662","Age",0.0505594978494916
"663","Mean_IAT",0.0446011572531935
"664","Victories",0.0446011572531935
"665","Skin_Tone",0.0569609376995114
"666","Position",0.0569609376995114
"667","Yellow_Cards",0.0569609376995114
"668","Height",0.0526762693018514
"669","Weight",0.0526762693018514
"670","Age",0.0526052818283352
"671","Mean_IAT",0.0465140300271955
"672","Victories",0.0465140300271955
"673","Skin_Tone",0.0441198940017845
"674","Position",0.05055390284547
"675","Yellow_Cards",0.0475047224823982
"676","Height",0.0475047224823982
"677","Weight",0.0475047224823982
"678","Age",0.0470402875640601
"679","Mean_IAT",0.0410017459823509
"680","Victories",0.0410017459823509
"681","Skin_Tone",0.0526762693018514
"682","Position",0.0526762693018514
"683","Yellow_Cards",0.0497162719614528
"684","Height",0.0497162719614528
"685","Weight",0.0497162719614528
"686","Age",0.0490230949567839
"687","Mean_IAT",0.0426737743963023
"688","Victories",0.0426737743963023
"689","Skin_Tone",0.0497162719614528
"690","Position",0.0549977426514773
"691","Yellow_Cards",0.0549977426514773
"692","Height",0.0549977426514773
"693","Weight",0.0549977426514773
"694","Age",0.0549405538653317
"695","Mean_IAT",0.0500143300611379
"696","Victories",0.0500143300611379
"697","Skin_Tone",0.0573733654412646
"698","Position",0.0573733654412646
"699","Yellow_Cards",0.0573733654412646
"700","Height",0.0573733654412646
"701","Weight",0.0573733654412646
"702","Age",0.0572256178710189
"703","Mean_IAT",0.0522269918158659
"704","Victories",0.0522269918158659
"705","Skin_Tone",0.0436514496404065
"706","Position",0.0505594978494916
"707","Yellow_Cards",0.0470402875640601
"708","Height",0.0421574900324898
"709","Weight",0.0421574900324898
"710","Age",0.0421574900324898
"711","Mean_IAT",0.0352285499005512
"712","Victories",0.0352285499005512
"713","Skin_Tone",0.0526052818283352
"714","Position",0.0526052818283352
"715","Yellow_Cards",0.0490230949567839
"716","Height",0.0441279246651168
"717","Weight",0.0441279246651168
"718","Age",0.0441279246651168
"719","Mean_IAT",0.0368151536035757
"720","Victories",0.0368151536035757
"721","Skin_Tone",0.0490230949567839
"722","Position",0.0549405538653317
"723","Yellow_Cards",0.0549405538653317
"724","Height",0.0505987363664749
"725","Weight",0.0505987363664749
"726","Age",0.0505987363664749
"727","Mean_IAT",0.0445990937753468
"728","Victories",0.0445990937753468
"729","Skin_Tone",0.0572256178710189
"730","Position",0.0572256178710189
"731","Yellow_Cards",0.0572256178710189
"732","Height",0.0526875048280417
"733","Weight",0.0526875048280417
"734","Age",0.0526875048280417
"735","Mean_IAT",0.0465202470887437
"736","Victories",0.0465202470887437
"737","Skin_Tone",0.0441279246651168
"738","Position",0.0505987363664749
"739","Yellow_Cards",0.0475670162522123
"740","Height",0.0475670162522123
"741","Weight",0.0475670162522123
"742","Age",0.0475670162522123
"743","Mean_IAT",0.0413576629720033
"744","Victories",0.0413576629720033
"745","Skin_Tone",0.0526875048280417
"746","Position",0.0526875048280417
"747","Yellow_Cards",0.0497341674779109
"748","Height",0.0497341674779109
"749","Weight",0.0497341674779109
"750","Age",0.0497341674779109
"751","Mean_IAT",0.0431740981929035
"752","Victories",0.0431740981929035
"753","Skin_Tone",0.0497341674779109
"754","Position",0.0550248876568545
"755","Yellow_Cards",0.0550248876568545
"756","Height",0.0550248876568545
"757","Weight",0.0550248876568545
"758","Age",0.0550248876568545
"759","Mean_IAT",0.0500275424971746
"760","Victories",0.0500275424971746
"761","Skin_Tone",0.0573758295672969
"762","Position",0.0573758295672969
"763","Yellow_Cards",0.0573758295672969
"764","Height",0.0573758295672969
"765","Weight",0.0573758295672969
"766","Age",0.0573758295672969
"767","Mean_IAT",0.0522727994651743
"768","Victories",0.0522727994651743
"769","Skin_Tone",0.0340747311499512
"770","Position",0.0440457041965076
"771","Yellow_Cards",0.0379832286779691
"772","Height",0.0348302739175492
"773","Weight",0.0348302739175492
"774","Age",0.0407425571320815
"775","Mean_IAT",0.0407425571320815
"776","Victories",0.0407425571320815
"777","Skin_Tone",0.0460062507293195
"778","Position",0.0460062507293195
"779","Yellow_Cards",0.0396507478211547
"780","Height",0.0365030168496989
"781","Weight",0.0365030168496989
"782","Age",0.0426147303923271
"783","Mean_IAT",0.0426147303923271
"784","Victories",0.0426147303923271
"785","Skin_Tone",0.0396507478211547
"786","Position",0.0494533632873603
"787","Yellow_Cards",0.0494533632873603
"788","Height",0.0443446128247661
"789","Weight",0.0443446128247661
"790","Age",0.0504152045840852
"791","Mean_IAT",0.0504152045840852
"792","Victories",0.0504152045840852
"793","Skin_Tone",0.0517165745618883
"794","Position",0.0517165745618883
"795","Yellow_Cards",0.0517165745618883
"796","Height",0.0463427711633251
"797","Weight",0.0463427711633251
"798","Age",0.0525248674074252
"799","Mean_IAT",0.0525248674074252
"800","Victories",0.0525248674074252
"801","Skin_Tone",0.0365030168496989
"802","Position",0.0443446128247661
"803","Yellow_Cards",0.0409609974163268
"804","Height",0.0409609974163268
"805","Weight",0.0409609974163268
"806","Age",0.0454356567459017
"807","Mean_IAT",0.0454356567459017
"808","Victories",0.0454356567459017
"809","Skin_Tone",0.0463427711633251
"810","Position",0.0463427711633251
"811","Yellow_Cards",0.0428733507532287
"812","Height",0.0428733507532287
"813","Weight",0.0428733507532287
"814","Age",0.0474762360763517
"815","Mean_IAT",0.0474762360763517
"816","Victories",0.0474762360763517
"817","Skin_Tone",0.0428733507532287
"818","Position",0.0498474952618173
"819","Yellow_Cards",0.0498474952618173
"820","Height",0.0498474952618173
"821","Weight",0.0498474952618173
"822","Age",0.0547422199386681
"823","Mean_IAT",0.0547422199386681
"824","Victories",0.0547422199386681
"825","Skin_Tone",0.0521636416338783
"826","Position",0.0521636416338783
"827","Yellow_Cards",0.0521636416338783
"828","Height",0.0521636416338783
"829","Weight",0.0521636416338783
"830","Age",0.0571007917994375
"831","Mean_IAT",0.0571007917994375
"832","Victories",0.0571007917994375
"833","Skin_Tone",0.0365256197664716
"834","Position",0.0446011572531935
"835","Yellow_Cards",0.0410017459823509
"836","Height",0.0352285499005512
"837","Weight",0.0352285499005512
"838","Age",0.0422487969282941
"839","Mean_IAT",0.0422487969282941
"840","Victories",0.0422487969282941
"841","Skin_Tone",0.0465140300271955
"842","Position",0.0465140300271955
"843","Yellow_Cards",0.0426737743963023
"844","Height",0.0368151536035757
"845","Weight",0.0368151536035757
"846","Age",0.0442777726362651
"847","Mean_IAT",0.0442777726362651
"848","Victories",0.0442777726362651
"849","Skin_Tone",0.0426737743963023
"850","Position",0.0500143300611379
"851","Yellow_Cards",0.0500143300611379
"852","Height",0.0445990937753468
"853","Weight",0.0445990937753468
"854","Age",0.0506926753877679
"855","Mean_IAT",0.0506926753877679
"856","Victories",0.0506926753877679
"857","Skin_Tone",0.0522269918158659
"858","Position",0.0522269918158659
"859","Yellow_Cards",0.0522269918158659
"860","Height",0.0465202470887437
"861","Weight",0.0465202470887437
"862","Age",0.0528356476670513
"863","Mean_IAT",0.0528356476670513
"864","Victories",0.0528356476670513
"865","Skin_Tone",0.0368151536035757
"866","Position",0.0445990937753468
"867","Yellow_Cards",0.0413576629720033
"868","Height",0.0413576629720033
"869","Weight",0.0413576629720033
"870","Age",0.0476234603708768
"871","Mean_IAT",0.0476234603708768
"872","Victories",0.0476234603708768
"873","Skin_Tone",0.0465202470887437
"874","Position",0.0465202470887437
"875","Yellow_Cards",0.0431740981929035
"876","Height",0.0431740981929035
"877","Weight",0.0431740981929035
"878","Age",0.0498650000058119
"879","Mean_IAT",0.0498650000058119
"880","Victories",0.0498650000058119
"881","Skin_Tone",0.0431740981929035
"882","Position",0.0500275424971746
"883","Yellow_Cards",0.0500275424971746
"884","Height",0.0500275424971746
"885","Weight",0.0500275424971746
"886","Age",0.0551168349189588
"887","Mean_IAT",0.0551168349189588
"888","Victories",0.0551168349189588
"889","Skin_Tone",0.0522727994651743
"890","Position",0.0522727994651743
"891","Yellow_Cards",0.0522727994651743
"892","Height",0.0522727994651743
"893","Weight",0.0522727994651743
"894","Age",0.0575226918884361
"895","Mean_IAT",0.0575226918884361
"896","Victories",0.0575226918884361
"897","Skin_Tone",0.0426147303923271
"898","Position",0.0504152045840852
"899","Yellow_Cards",0.0454356567459017
"900","Height",0.0422487969282941
"901","Weight",0.0422487969282941
"902","Age",0.0419487752322534
"903","Mean_IAT",0.0419487752322534
"904","Victories",0.0419487752322534
"905","Skin_Tone",0.0525248674074252
"906","Position",0.0525248674074252
"907","Yellow_Cards",0.0474762360763517
"908","Height",0.0442777726362651
"909","Weight",0.0442777726362651
"910","Age",0.0437985781594388
"911","Mean_IAT",0.0437985781594388
"912","Victories",0.0437985781594388
"913","Skin_Tone",0.0474762360763517
"914","Position",0.0547422199386681
"915","Yellow_Cards",0.0547422199386681
"916","Height",0.0506926753877679
"917","Weight",0.0506926753877679
"918","Age",0.0506939789548591
"919","Mean_IAT",0.0506939789548591
"920","Victories",0.0506939789548591
"921","Skin_Tone",0.0571007917994375
"922","Position",0.0571007917994375
"923","Yellow_Cards",0.0571007917994375
"924","Height",0.0528356476670513
"925","Weight",0.0528356476670513
"926","Age",0.0527595806326675
"927","Mean_IAT",0.0527595806326675
"928","Victories",0.0527595806326675
"929","Skin_Tone",0.0442777726362651
"930","Position",0.0506926753877679
"931","Yellow_Cards",0.0476234603708768
"932","Height",0.0476234603708768
"933","Weight",0.0476234603708768
"934","Age",0.0471485758315126
"935","Mean_IAT",0.0471485758315126
"936","Victories",0.0471485758315126
"937","Skin_Tone",0.0528356476670513
"938","Position",0.0528356476670513
"939","Yellow_Cards",0.0498650000058119
"940","Height",0.0498650000058119
"941","Weight",0.0498650000058119
"942","Age",0.0491579764309228
"943","Mean_IAT",0.0491579764309228
"944","Victories",0.0491579764309228
"945","Skin_Tone",0.0498650000058119
"946","Position",0.0551168349189588
"947","Yellow_Cards",0.0551168349189588
"948","Height",0.0551168349189588
"949","Weight",0.0551168349189588
"950","Age",0.0550542889217511
"951","Mean_IAT",0.0550542889217511
"952","Victories",0.0550542889217511
"953","Skin_Tone",0.0575226918884361
"954","Position",0.0575226918884361
"955","Yellow_Cards",0.0575226918884361
"956","Height",0.0575226918884361
"957","Weight",0.0575226918884361
"958","Age",0.0573678406526951
"959","Mean_IAT",0.0573678406526951
"960","Victories",0.0573678406526951
"961","Skin_Tone",0.0437985781594388
"962","Position",0.0506939789548591
"963","Yellow_Cards",0.0471485758315126
"964","Height",0.0422939897646343
"965","Weight",0.0422939897646343
"966","Age",0.0422939897646343
"967","Mean_IAT",0.0422939897646343
"968","Victories",0.0422939897646343
"969","Skin_Tone",0.0527595806326675
"970","Position",0.0527595806326675
"971","Yellow_Cards",0.0491579764309228
"972","Height",0.0442854655217976
"973","Weight",0.0442854655217976
"974","Age",0.0442854655217976
"975","Mean_IAT",0.0442854655217976
"976","Victories",0.0442854655217976
"977","Skin_Tone",0.0491579764309228
"978","Position",0.0550542889217511
"979","Yellow_Cards",0.0550542889217511
"980","Height",0.0507358298223938
"981","Weight",0.0507358298223938
"982","Age",0.0507358298223938
"983","Mean_IAT",0.0507358298223938
"984","Victories",0.0507358298223938
"985","Skin_Tone",0.0573678406526951
"986","Position",0.0573678406526951
"987","Yellow_Cards",0.0573678406526951
"988","Height",0.0528459521983973
"989","Weight",0.0528459521983973
"990","Age",0.0528459521983973
"991","Mean_IAT",0.0528459521983973
"992","Victories",0.0528459521983973
"993","Skin_Tone",0.0442854655217976
"994","Position",0.0507358298223938
"995","Yellow_Cards",0.0476845149045109
"996","Height",0.0476845149045109
"997","Weight",0.0476845149045109
"998","Age",0.0476845149045109
"999","Mean_IAT",0.0476845149045109
"1000","Victories",0.0476845149045109
"1001","Skin_Tone",0.0528459521983973
"1002","Position",0.0528459521983973
"1003","Yellow_Cards",0.0498820598941469
"1004","Height",0.0498820598941469
"1005","Weight",0.0498820598941469
"1006","Age",0.0498820598941469
"1007","Mean_IAT",0.0498820598941469
"1008","Victories",0.0498820598941469
"1009","Skin_Tone",0.0498820598941469
"1010","Position",0.0551428603392809
"1011","Yellow_Cards",0.0551428603392809
"1012","Height",0.0551428603392809
"1013","Weight",0.0551428603392809
"1014","Age",0.0551428603392809
"1015","Mean_IAT",0.0551428603392809
"1016","Victories",0.0551428603392809
"1017","Skin_Tone",0.0575246841613019
"1018","Position",0.0575246841613019
"1019","Yellow_Cards",0.0575246841613019
"1020","Height",0.0575246841613019
"1021","Weight",0.0575246841613019
"1022","Age",0.0575246841613019
"1023","Mean_IAT",0.0575246841613019
"1024","Victories",0.0575246841613019
