"","Avrate_OR","covariates.formula","Avrate_LCI","Avrate_UCI","Pval_first_covariate","signif","avrate.or.n"
"49",1.01002396341117,"avrate+weight+club",0.802239150449236,1.27162630506569,0.932360204525213,"p >= .05",1
"177",1.01070079449544,"avrate+weight+club+meanIAT",0.802702805053641,1.27259564755782,0.927858089936929,"p >= .05",2
"57",1.02065755189176,"avrate+height+weight+club",0.810060654186783,1.28600473661999,0.862323519660266,"p >= .05",3
"185",1.02140317737159,"avrate+height+weight+club+meanIAT",0.810574350516047,1.28706817589354,0.857516894211791,"p >= .05",4
"33",1.03354901397081,"avrate+club",0.819292818427636,1.30383611360117,0.780704697678738,"p >= .05",5
"161",1.03410645353186,"avrate+club+meanIAT",0.819655325978732,1.30466566048275,0.777305607755298,"p >= .05",6
"305",1.04567843194386,"avrate+weight+club+refCountry",0.830953270445614,1.31589034175916,0.703294935731985,"p >= .05",7
"433",1.04567844848726,"avrate+weight+club+meanIAT+refCountry",0.830953273261329,1.31589037893692,0.703294850910134,"p >= .05",8
"51",1.04640528900296,"avrate+position+weight+club",0.829204644956421,1.32049915001491,0.702354528734963,"p >= .05",9
"41",1.04707543432139,"avrate+height+club",0.83166469292184,1.31828004061051,0.695468522827326,"p >= .05",10
"179",1.04717234399501,"avrate+position+weight+club+meanIAT",0.8297149680042,1.32162243699869,0.697926318363954,"p >= .05",11
"169",1.04786230899133,"avrate+height+club+meanIAT",0.832213605739373,1.31939133298491,0.690866549017664,"p >= .05",12
"59",1.0486081931522,"avrate+position+height+weight+club",0.830485023802767,1.32402043532464,0.689966495568725,"p >= .05",13
"187",1.04940567067351,"avrate+position+height+weight+club+meanIAT",0.831015172591143,1.32518911563066,0.685420430927744,"p >= .05",14
"53",1.05778640229039,"avrate+yellowCards+weight+club",0.848351650429368,1.31892484950567,0.617750354398114,"p >= .05",15
"181",1.05802125526554,"avrate+yellowCards+weight+club+meanIAT",0.848427693050604,1.3193923132904,0.6165732192869,"p >= .05",16
"313",1.05871370722243,"avrate+height+weight+club+refCountry",0.840757791020559,1.33317196204637,0.627585402066475,"p >= .05",17
"441",1.0587137658756,"avrate+height+weight+club+meanIAT+refCountry",0.840757778553101,1.33317212953232,0.627585172778446,"p >= .05",18
"417",1.07125429709127,"avrate+club+meanIAT+refCountry",0.849526558156785,1.35085331708336,0.560754723251584,"p >= .05",19
"289",1.07125431069472,"avrate+club+refCountry",0.849526564038944,1.35085334203796,0.560754660708087,"p >= .05",20
"113",1.07233253261859,"avrate+weight+club+age",0.85231839740506,1.34914025558189,0.551128127624184,"p >= .05",21
"241",1.07278986894559,"avrate+weight+club+age+meanIAT",0.852600845863114,1.3498439609771,0.548865012854868,"p >= .05",22
"43",1.07526259750185,"avrate+position+height+club",0.852617088386103,1.35604794852862,0.539868652128596,"p >= .05",23
"171",1.07610124042841,"avrate+position+height+club+meanIAT",0.853182160718747,1.3572645244669,0.535728462060327,"p >= .05",24
"61",1.07634813405753,"avrate+yellowCards+height+weight+club",0.862781516891518,1.34277946734781,0.514398450884562,"p >= .05",25
"189",1.07665461180887,"avrate+yellowCards+height+weight+club+meanIAT",0.862909495338674,1.343344996655,0.513032027055356,"p >= .05",26
"435",1.07692060221557,"avrate+position+weight+club+meanIAT+refCountry",0.853815246063343,1.35832428481877,0.531538230414822,"p >= .05",27
"307",1.07692063314991,"avrate+position+weight+club+refCountry",0.853815254403627,1.35832434958553,0.531538104828333,"p >= .05",28
"35",1.07859279246768,"avrate+position+club",0.854493462968153,1.36146437905119,0.524332367097817,"p >= .05",29
"163",1.07931261412221,"avrate+position+club+meanIAT",0.854959281743766,1.3625394143068,0.520899793707039,"p >= .05",30
"443",1.08131726422924,"avrate+position+height+weight+club+meanIAT+refCountry",0.856906301831815,1.36449810605978,0.510055479188447,"p >= .05",31
"315",1.08131727404202,"avrate+position+height+weight+club+refCountry",0.856906306706653,1.36449812306253,0.510055436236763,"p >= .05",32
"297",1.08460224199278,"avrate+height+club+refCountry",0.861999529015296,1.36468986784665,0.488354710434579,"p >= .05",33
"425",1.08460224381438,"avrate+height+club+meanIAT+refCountry",0.861999529875906,1.36468987106818,0.488354702730698,"p >= .05",34
"115",1.08773824610484,"avrate+position+weight+club+age",0.862669408514257,1.37152712309222,0.477065612882484,"p >= .05",35
"243",1.08823579650706,"avrate+position+weight+club+age+meanIAT",0.862957140555983,1.37232441003543,0.474908939285575,"p >= .05",36
"37",1.08945864375008,"avrate+yellowCards+club",0.871668379979414,1.36166478411182,0.451471276360944,"p >= .05",37
"165",1.08949890771481,"avrate+yellowCards+club+meanIAT",0.871580123608666,1.36190332679582,0.451556464971938,"p >= .05",38
"309",1.09018621106283,"avrate+yellowCards+weight+club+refCountry",0.874617800716856,1.35888610295537,0.442388284947104,"p >= .05",39
"437",1.09018622384864,"avrate+yellowCards+weight+club+meanIAT+refCountry",0.874617805158109,1.35888612792934,0.442388236743173,"p >= .05",40
"121",1.09066563507647,"avrate+height+weight+club+age",0.866217948790586,1.37327046755104,0.460352493305422,"p >= .05",41
"249",1.09121006876848,"avrate+height+weight+club+age+meanIAT",0.866564403611209,1.37409223044424,0.457970837018449,"p >= .05",42
"561",1.09316218218801,"avrate+weight+club+victories",0.867345807175444,1.37777060392744,0.450555206036578,"p >= .05",43
"689",1.09592830842125,"avrate+weight+club+meanIAT+victories",0.869484674461637,1.38134563204663,0.437937643705725,"p >= .05",44
"123",1.09643136271284,"avrate+position+height+weight+club+age",0.869101546748892,1.38322355729009,0.43742535587569,"p >= .05",45
"251",1.09698381389624,"avrate+position+height+weight+club+age+meanIAT",0.869428310880313,1.38409742688491,0.435174284142415,"p >= .05",46
"97",1.0970703971966,"avrate+club+age",0.870878032317555,1.3820115007405,0.431631987612833,"p >= .05",47
"225",1.09739809097419,"avrate+club+age+meanIAT",0.871050077278095,1.38256410450822,0.430350622257607,"p >= .05",48
"565",1.10033920447767,"avrate+yellowCards+weight+club+victories",0.878698283820233,1.37788634301947,0.404743685414107,"p >= .05",49
"117",1.10249918074135,"avrate+yellowCards+weight+club+age",0.883722101342546,1.37543741600302,0.387234337989442,"p >= .05",50
"245",1.1025525190892,"avrate+yellowCards+weight+club+age+meanIAT",0.883651161137613,1.375680937017,0.387275076916667,"p >= .05",51
"693",1.1026807151998,"avrate+yellowCards+weight+club+meanIAT+victories",0.880486873162529,1.38094592518598,0.394573550759627,"p >= .05",52
"45",1.10292438081929,"avrate+yellowCards+height+club",0.884896785121327,1.37467127269406,0.383330485448687,"p >= .05",53
"173",1.1032555507883,"avrate+yellowCards+height+club+meanIAT",0.885044445942995,1.37526744100215,0.382162571510845,"p >= .05",54
"55",1.10452318236329,"avrate+position+yellowCards+weight+club",0.883390321685346,1.38101067040269,0.383108493770391,"p >= .05",55
"183",1.10476629142703,"avrate+position+yellowCards+weight+club+meanIAT",0.883444045044111,1.38153464899125,0.382395402894935,"p >= .05",56
"105",1.10616214332092,"avrate+height+club+age",0.879560258791808,1.39114367103978,0.388309540454244,"p >= .05",57
"233",1.10672015259535,"avrate+height+club+age+meanIAT",0.879918409688973,1.39198075943611,0.386143868397992,"p >= .05",58
"427",1.1081191051718,"avrate+position+height+club+meanIAT+refCountry",0.879200594883483,1.39664140173776,0.384549757388666,"p >= .05",59
"299",1.10811910835804,"avrate+position+height+club+refCountry",0.879200580996377,1.39664143182962,0.384549782429717,"p >= .05",60
"497",1.11118714912107,"avrate+weight+club+age+meanIAT+refCountry",0.883548495204897,1.39747494005462,0.367371589021364,"p >= .05",61
"369",1.11118715967537,"avrate+weight+club+age+refCountry",0.883548501995009,1.39747495586201,0.367371549648579,"p >= .05",62
"317",1.11147641999337,"avrate+yellowCards+height+weight+club+refCountry",0.89136105777638,1.38594772726901,0.347929573085212,"p >= .05",63
"445",1.11147642948947,"avrate+yellowCards+height+weight+club+meanIAT+refCountry",0.89136103120184,1.38594779227107,0.347929617901397,"p >= .05",64
"63",1.11178434322408,"avrate+position+yellowCards+height+weight+club",0.888804376368019,1.3907047025232,0.353494587942772,"p >= .05",65
"107",1.11201852712631,"avrate+position+height+club+age",0.882679501367567,1.40094474014213,0.367590908702889,"p >= .05",66
"191",1.1120674277804,"avrate+position+yellowCards+height+weight+club+meanIAT",0.888885058479906,1.39128670476811,0.352691531788573,"p >= .05",67
"235",1.11258554161219,"avrate+position+height+club+age+meanIAT",0.883018587700066,1.4018352553921,0.365556232349923,"p >= .05",68
"419",1.11285664513257,"avrate+position+club+meanIAT+refCountry",0.881978127050614,1.40417304537605,0.367404295447964,"p >= .05",69
"291",1.11285670448895,"avrate+position+club+refCountry",0.881978135988922,1.40417318093422,0.367404145494052,"p >= .05",70
"569",1.11330938544647,"avrate+height+weight+club+victories",0.882734072673526,1.40411232113117,0.364655853339009,"p >= .05",71
"99",1.1149553698251,"avrate+position+club+age",0.884190730464284,1.40594719427681,0.357736947221124,"p >= .05",72
"227",1.11538661728819,"avrate+position+club+age+meanIAT",0.884417759728461,1.40667381714219,0.356300545599047,"p >= .05",73
"697",1.11627844944719,"avrate+height+weight+club+meanIAT+victories",0.885032273364268,1.40794591813416,0.353008464778701,"p >= .05",74
"371",1.12049396496651,"avrate+position+weight+club+age+refCountry",0.889063672960883,1.4121673888048,0.335138811887229,"p >= .05",75
"499",1.12049400102302,"avrate+position+weight+club+age+meanIAT+refCountry",0.889063674615998,1.41216747706046,0.335138738521268,"p >= .05",76
"545",1.12122585886693,"avrate+club+victories",0.887917283369645,1.41583844592035,0.336415198915041,"p >= .05",77
"673",1.12395733592524,"avrate+club+meanIAT+victories",0.890016804872158,1.41938903407742,0.3263889485518,"p >= .05",78
"573",1.12397075175326,"avrate+yellowCards+height+weight+club+victories",0.897129945714369,1.40816863469075,0.309571309124175,"p >= .05",79
"293",1.12453405784338,"avrate+yellowCards+club+refCountry",0.899947817463049,1.40516685824577,0.30181542625452,"p >= .05",80
"421",1.12453407186453,"avrate+yellowCards+club+meanIAT+refCountry",0.899947821828337,1.40516688647025,0.301815391428119,"p >= .05",81
"625",1.1246539631392,"avrate+weight+club+age+victories",0.891468598897513,1.41883464921699,0.32173111643584,"p >= .05",82
"945",1.12618021981917,"avrate+weight+club+meanIAT+refCountry+victories",0.894657694999117,1.41761692164644,0.311541830603901,"p >= .05",83
"817",1.12618022026851,"avrate+weight+club+refCountry+victories",0.894657694886519,1.41761692295611,0.311541830082697,"p >= .05",84
"701",1.12649209576999,"avrate+yellowCards+height+weight+club+meanIAT+victories",0.899059349365005,1.41145792291525,0.30058485841533,"p >= .05",85
"753",1.12716953189818,"avrate+weight+club+age+meanIAT+victories",0.893407361635982,1.42209613239926,0.312742507478996,"p >= .05",86
"125",1.12772638118333,"avrate+yellowCards+height+weight+club+age",0.903449831683681,1.4076783748432,0.288013373098084,"p >= .05",87
"253",1.12786085278518,"avrate+yellowCards+height+weight+club+age+meanIAT",0.90343764862592,1.40803308914573,0.287823875557087,"p >= .05",88
"563",1.12839422940349,"avrate+position+weight+club+victories",0.8929605268012,1.42590125625405,0.311663916398732,"p >= .05",89
"629",1.12867931301483,"avrate+yellowCards+weight+club+age+victories",0.90042265914362,1.41479890437146,0.293689732421415,"p >= .05",90
"821",1.13018731000152,"avrate+yellowCards+weight+club+refCountry+victories",0.903324483488969,1.4140249478847,0.284365838442458,"p >= .05",91
"949",1.13018736199853,"avrate+yellowCards+weight+club+meanIAT+refCountry+victories",0.903324495201433,1.41402505966183,0.284365728418332,"p >= .05",92
"757",1.13077938501567,"avrate+yellowCards+weight+club+age+meanIAT+victories",0.902019455208263,1.41755481014673,0.286524695436769,"p >= .05",93
"119",1.13126668398196,"avrate+position+yellowCards+weight+club+age",0.904348085917034,1.41512359037043,0.280244133423299,"p >= .05",94
"247",1.13129920379544,"avrate+position+yellowCards+weight+club+age+meanIAT",0.904230231915356,1.41538940342354,0.28047367179474,"p >= .05",95
"439",1.13154841755233,"avrate+position+yellowCards+weight+club+meanIAT+refCountry",0.905220125028503,1.41446459912152,0.277737196321474,"p >= .05",96
"311",1.13154843792702,"avrate+position+yellowCards+weight+club+refCountry",0.905220121292443,1.41446465589713,0.277737173969806,"p >= .05",97
"691",1.1315839534615,"avrate+position+weight+club+meanIAT+victories",0.895411431252064,1.43004902443679,0.300660803922265,"p >= .05",98
"507",1.13166506279162,"avrate+position+height+weight+club+age+meanIAT+refCountry",0.897558790232172,1.42683223459032,0.295560886841973,"p >= .05",99
"379",1.13166507804266,"avrate+position+height+weight+club+age+refCountry",0.897558795213445,1.42683226512948,0.295560850741183,"p >= .05",100
"377",1.13228815173138,"avrate+height+weight+club+age+refCountry",0.89973946246231,1.42494189933896,0.289495157733988,"p >= .05",101
"505",1.13228818497389,"avrate+height+weight+club+age+meanIAT+refCountry",0.899739464049404,1.42494198049434,0.289495101658925,"p >= .05",102
"549",1.13260389851552,"avrate+yellowCards+club+victories",0.90229761228421,1.42169454231969,0.283018385078592,"p >= .05",103
"47",1.1330304572547,"avrate+position+yellowCards+height+club",0.907009530134618,1.41537434218169,0.27124716154178,"p >= .05",104
"175",1.133332547416,"avrate+position+yellowCards+height+club+meanIAT",0.907105450429061,1.41597943483296,0.270571710004508,"p >= .05",105
"677",1.13488672058176,"avrate+yellowCards+club+meanIAT+victories",0.904026673233812,1.4247011804924,0.275515779438044,"p >= .05",106
"229",1.13652075185245,"avrate+yellowCards+club+age+meanIAT",0.909033146378842,1.42093764626371,0.261431881975642,"p >= .05",107
"553",1.13656915098632,"avrate+height+club+victories",0.902122431054204,1.43194470119117,0.277447702709797,"p >= .05",108
"39",1.13668335589892,"avrate+position+yellowCards+club",0.908898294788712,1.42155514977391,0.261520904650949,"p >= .05",109
"101",1.13668509026531,"avrate+yellowCards+club+age",0.909288062974993,1.4209501334529,0.260603422614885,"p >= .05",110
"167",1.1368277543842,"avrate+position+yellowCards+club+meanIAT",0.908864031726662,1.42196995152614,0.261399417710535,"p >= .05",111
"429",1.13697823091972,"avrate+yellowCards+height+club+meanIAT+refCountry",0.912657908136368,1.4164337875788,0.252258298468626,"p >= .05",112
"301",1.13697824275547,"avrate+yellowCards+height+club+refCountry",0.912657905620443,1.41643382097314,0.252258288423028,"p >= .05",113
"571",1.13744847601893,"avrate+position+height+weight+club+victories",0.899675268914074,1.43806224345748,0.281760687706795,"p >= .05",114
"373",1.13754784544316,"avrate+yellowCards+weight+club+age+refCountry",0.912074736871296,1.4187599418785,0.25286559559637,"p >= .05",115
"501",1.13754792693243,"avrate+yellowCards+weight+club+age+meanIAT+refCountry",0.91207475342243,1.41876011940102,0.252865446731632,"p >= .05",116
"481",1.138064896785,"avrate+club+age+meanIAT+refCountry",0.903751813895255,1.43312764564405,0.271524866072139,"p >= .05",117
"353",1.13806493916126,"avrate+club+age+refCountry",0.903751799336336,1.43312777545698,0.271524838985856,"p >= .05",118
"681",1.1395783284638,"avrate+height+club+meanIAT+victories",0.904458843016486,1.43581853030837,0.267763711004241,"p >= .05",119
"699",1.14078043754895,"avrate+position+height+weight+club+meanIAT+victories",0.902236125715697,1.44239403588729,0.271144213769214,"p >= .05",120
"319",1.14130656688277,"avrate+position+yellowCards+height+weight+club+refCountry",0.912752913700231,1.42709013584977,0.246344568163441,"p >= .05",121
"447",1.14130657793233,"avrate+position+yellowCards+height+weight+club+meanIAT+refCountry",0.912752918904678,1.42709015534535,0.246344541974423,"p >= .05",122
"567",1.14280982989192,"avrate+position+yellowCards+weight+club+victories",0.909837222149268,1.4354373238462,0.25112244463464,"p >= .05",123
"127",1.14378463117336,"avrate+position+yellowCards+height+weight+club+age",0.91396378183597,1.43139510395082,0.240448013064523,"p >= .05",124
"255",1.14387048655863,"avrate+position+yellowCards+height+weight+club+age+meanIAT",0.913883237898354,1.43173617346225,0.240527348780287,"p >= .05",125
"695",1.14548627227747,"avrate+position+yellowCards+weight+club+meanIAT+victories",0.911865006909902,1.43896167747753,0.243145926123779,"p >= .05",126
"109",1.14609950429562,"avrate+yellowCards+height+club+age",0.919293878007796,1.42886198327923,0.225500949508961,"p >= .05",127
"237",1.14624012535358,"avrate+yellowCards+height+club+age+meanIAT",0.919284912122374,1.42922657344308,0.225362297267889,"p >= .05",128
"361",1.14640827604094,"avrate+height+club+age+refCountry",0.912034935748201,1.44101051819578,0.241639178114289,"p >= .05",129
"489",1.14640827906752,"avrate+height+club+age+meanIAT+refCountry",0.912034936738248,1.44101052424019,0.24163917221859,"p >= .05",130
"363",1.14677648098058,"avrate+position+height+club+age+refCountry",0.910795332318193,1.44389881092491,0.243983743880398,"p >= .05",131
"491",1.14677648865336,"avrate+position+height+club+age+meanIAT+refCountry",0.910795335468252,1.44389882525256,0.243983727458511,"p >= .05",132
"557",1.14782028588294,"avrate+yellowCards+height+club+victories",0.917135485302775,1.43652865884852,0.22846092853135,"p >= .05",133
"627",1.1482128346557,"avrate+position+weight+club+age+victories",0.908011426344553,1.45195608272864,0.248446814289402,"p >= .05",134
"825",1.14982153618215,"avrate+height+weight+club+refCountry+victories",0.912959513322059,1.44813602988536,0.235538435098155,"p >= .05",135
"953",1.14982154783561,"avrate+height+weight+club+meanIAT+refCountry+victories",0.912959516067264,1.44813605488468,0.235538415570875,"p >= .05",136
"633",1.14999641481914,"avrate+height+weight+club+age+victories",0.910869239005478,1.45190077506715,0.239973385701551,"p >= .05",137
"685",1.15038778865061,"avrate+yellowCards+height+club+meanIAT+victories",0.919106184135352,1.43986852348449,0.221189203836927,"p >= .05",138
"755",1.15114822596066,"avrate+position+weight+club+age+meanIAT+victories",0.910257886679897,1.45578770315932,0.239978795424492,"p >= .05",139
"355",1.15123938588762,"avrate+position+club+age+refCountry",0.91330980119005,1.45115285294428,0.233145035116494,"p >= .05",140
"483",1.15123943333578,"avrate+position+club+age+meanIAT+refCountry",0.913309817495798,1.45115294665426,0.233144945511704,"p >= .05",141
"761",1.15271506205491,"avrate+height+weight+club+age+meanIAT+victories",0.912967219151657,1.45542138470531,0.232245147035109,"p >= .05",142
"575",1.15407694680661,"avrate+position+yellowCards+height+weight+club+victories",0.918434629859541,1.45017789600786,0.218778340519313,"p >= .05",143
"609",1.15650577860523,"avrate+club+age+victories",0.915207122726365,1.46142395828707,0.223283741299752,"p >= .05",144
"819",1.1565356025673,"avrate+position+weight+club+refCountry+victories",0.916527652281727,1.45939361095736,0.220396527529701,"p >= .05",145
"947",1.15653565433991,"avrate+position+weight+club+meanIAT+refCountry+victories",0.916527649056815,1.45939374675267,0.220396481279845,"p >= .05",146
"111",1.1567283683954,"avrate+position+yellowCards+height+club+age",0.92566464886382,1.44547004132977,0.20034252567042,"p >= .05",147
"239",1.15681855093417,"avrate+position+yellowCards+height+club+age+meanIAT",0.925586018026953,1.4458182532166,0.200430505365546,"p >= .05",148
"703",1.15688173755279,"avrate+position+yellowCards+height+weight+club+meanIAT+victories",0.920561490876292,1.45386850085284,0.211303632120063,"p >= .05",149
"929",1.15705961968234,"avrate+club+meanIAT+refCountry+victories",0.917361878117058,1.45938805114443,0.218057211396175,"p >= .05",150
"801",1.1570596387985,"avrate+club+refCountry+victories",0.917361873231204,1.45938810713916,0.218057202588119,"p >= .05",151
"829",1.15711015145908,"avrate+yellowCards+height+weight+club+refCountry+victories",0.924543291726196,1.4481787003287,0.202430454471835,"p >= .05",152
"957",1.15711016352507,"avrate+yellowCards+height+weight+club+meanIAT+refCountry+victories",0.92454329301819,1.44817872850728,0.202430440383179,"p >= .05",153
"637",1.15735219500812,"avrate+yellowCards+height+weight+club+age+victories",0.922780995462884,1.45155146223857,0.206031551641401,"p >= .05",154
"737",1.15896530599013,"avrate+club+age+meanIAT+victories",0.91708632632328,1.46463919691602,0.216737612925222,"p >= .05",155
"631",1.15936393134408,"avrate+position+yellowCards+weight+club+age+victories",0.922307229287333,1.45735030868206,0.205157451281503,"p >= .05",156
"555",1.15954126004957,"avrate+position+height+club+victories",0.918403306053741,1.46399291563381,0.21335345449293,"p >= .05",157
"765",1.15962828202533,"avrate+yellowCards+height+weight+club+age+meanIAT+victories",0.924515278250704,1.45453275257649,0.200171891996611,"p >= .05",158
"231",1.15993742927528,"avrate+position+yellowCards+club+age+meanIAT",0.926960397086536,1.45146960329972,0.194644809597747,"p >= .05",159
"103",1.16001962124796,"avrate+position+yellowCards+club+age",0.927180098843406,1.45133132533675,0.19410116656858,"p >= .05",160
"503",1.16018938075618,"avrate+position+yellowCards+weight+club+age+meanIAT+refCountry",0.927664358902265,1.45099829081741,0.192914283606482,"p >= .05",161
"375",1.16018939597817,"avrate+position+yellowCards+weight+club+age+refCountry",0.927664364623176,1.45099831994404,0.192914258141034,"p >= .05",162
"1009",1.16029691949099,"avrate+weight+club+age+meanIAT+refCountry+victories",0.920810221487786,1.46206993576269,0.207488192491632,"p >= .05",163
"881",1.16029692333323,"avrate+weight+club+age+refCountry+victories",0.920810215526854,1.46206995491059,0.207488201604761,"p >= .05",164
"885",1.1611156041764,"avrate+yellowCards+weight+club+age+refCountry+victories",0.92707744401461,1.45423605650866,0.193368673492377,"p >= .05",165
"1013",1.16111560495442,"avrate+yellowCards+weight+club+age+meanIAT+refCountry+victories",0.927077445560615,1.45423605603242,0.193368669520683,"p >= .05",166
"635",1.16128493760975,"avrate+position+height+weight+club+age+victories",0.91784892099774,1.46928614880683,0.21284749724774,"p >= .05",167
"759",1.1618046506172,"avrate+position+yellowCards+weight+club+age+meanIAT+victories",0.924146685767544,1.46057987003945,0.199004816218948,"p >= .05",168
"303",1.16200248637317,"avrate+position+yellowCards+height+club+refCountry",0.930546975729685,1.45102806580897,0.185231728102691,"p >= .05",169
"431",1.16200253002427,"avrate+position+yellowCards+height+club+meanIAT+refCountry",0.930546976527895,1.45102817358122,0.185231690770524,"p >= .05",170
"547",1.16266774271593,"avrate+position+club+victories",0.919752936823008,1.46973847631464,0.207519589341721,"p >= .05",171
"683",1.16291044527933,"avrate+position+height+club+meanIAT+victories",0.92099953867625,1.46836197733986,0.20466895725781,"p >= .05",172
"763",1.16436532506343,"avrate+position+height+weight+club+age+meanIAT+victories",0.920207739765048,1.47330494150835,0.2050122638863,"p >= .05",173
"613",1.16505168701345,"avrate+yellowCards+club+age+victories",0.927392166173038,1.46361537537468,0.189387678034546,"p >= .05",174
"805",1.16548621619388,"avrate+yellowCards+club+refCountry+victories",0.929224335932786,1.46181935579029,0.185206881596774,"p >= .05",175
"933",1.16548627607056,"avrate+yellowCards+club+meanIAT+refCountry+victories",0.929224305534504,1.4618195538132,0.185206897286861,"p >= .05",176
"509",1.16582134259382,"avrate+yellowCards+height+weight+club+age+meanIAT+refCountry",0.934384224912763,1.45458299338706,0.174187528148339,"p >= .05",177
"381",1.16582135260335,"avrate+yellowCards+height+weight+club+age+refCountry",0.934384226370325,1.45458301609561,0.17418751772108,"p >= .05",178
"675",1.16590373953976,"avrate+position+club+meanIAT+victories",0.922228388642336,1.47396409242395,0.199436953527957,"p >= .05",179
"741",1.16705523425718,"avrate+yellowCards+club+age+meanIAT+victories",0.92889626050381,1.46627559795359,0.184645743681606,"p >= .05",180
"295",1.16741687566536,"avrate+position+yellowCards+club+refCountry",0.933610034987967,1.45977668460455,0.174619431933788,"p >= .05",181
"423",1.16741693042697,"avrate+position+yellowCards+club+meanIAT+refCountry",0.933610054367764,1.45977679125409,0.174619351748047,"p >= .05",182
"617",1.16753976053854,"avrate+height+club+age+victories",0.926008834953502,1.47206920818075,0.190229482048633,"p >= .05",183
"951",1.16760496436664,"avrate+position+yellowCards+weight+club+meanIAT+refCountry+victories",0.930441242368042,1.46522025328962,0.181023861863035,"p >= .05",184
"823",1.16760496959231,"avrate+position+yellowCards+weight+club+refCountry+victories",0.930441235178267,1.46522027772712,0.181023872709395,"p >= .05",185
"827",1.16854226114399,"avrate+position+height+weight+club+refCountry+victories",0.925711423228396,1.47507201684668,0.190030350835832,"p >= .05",186
"955",1.16854228680465,"avrate+position+height+weight+club+meanIAT+refCountry+victories",0.925711427255264,1.47507207521389,0.190030321864068,"p >= .05",187
"745",1.17028732072418,"avrate+height+club+age+meanIAT+victories",0.928133022442364,1.47562082151089,0.183703515094328,"p >= .05",188
"809",1.17181188879677,"avrate+height+club+refCountry+victories",0.931415400077453,1.47425423995704,0.175910525751667,"p >= .05",189
"937",1.17181194361417,"avrate+height+club+meanIAT+refCountry+victories",0.931415393127997,1.47425438888803,0.175910500340474,"p >= .05",190
"559",1.17352988050131,"avrate+position+yellowCards+height+club+victories",0.935248155128857,1.47252082014496,0.167015198977203,"p >= .05",191
"639",1.17435980677049,"avrate+position+yellowCards+height+weight+club+age+victories",0.933818607547657,1.47686172090724,0.16931171091714,"p >= .05",192
"485",1.17449571907816,"avrate+yellowCards+club+age+meanIAT+refCountry",0.939765475293221,1.46785578998048,0.157404591836052,"p >= .05",193
"357",1.17449572516909,"avrate+yellowCards+club+age+refCountry",0.939765477242831,1.4678558021599,0.1574045842424,"p >= .05",194
"383",1.17551132195734,"avrate+position+yellowCards+height+weight+club+age+refCountry",0.93966070511186,1.47055938439545,0.156992708226304,"p >= .05",195
"511",1.17551134810822,"avrate+position+yellowCards+height+weight+club+age+meanIAT+refCountry",0.939660713040392,1.47055943741664,0.156992676737695,"p >= .05",196
"621",1.1760198928158,"avrate+yellowCards+height+club+age+victories",0.93891129009488,1.47300687816707,0.15815908070143,"p >= .05",197
"687",1.17636858564001,"avrate+position+yellowCards+height+club+meanIAT+victories",0.93740582941517,1.47624753959981,0.160905399620629,"p >= .05",198
"551",1.17690337550027,"avrate+position+yellowCards+club+victories",0.936646950500435,1.47878723624081,0.16206181252038,"p >= .05",199
"767",1.17692716479152,"avrate+position+yellowCards+height+weight+club+age+meanIAT+victories",0.935755947953292,1.48025513944513,0.163796087783138,"p >= .05",200
"619",1.17773364833018,"avrate+position+height+club+age+victories",0.932267804701632,1.4878305776665,0.170115740180298,"p >= .05",201
"883",1.17818578828337,"avrate+position+weight+club+age+refCountry+victories",0.932976382060374,1.48784232742032,0.168430033824902,"p >= .05",202
"1011",1.17818579360452,"avrate+position+weight+club+age+meanIAT+refCountry+victories",0.932976382089843,1.4878423408127,0.168430030281768,"p >= .05",203
"749",1.17832856608419,"avrate+yellowCards+height+club+age+meanIAT+victories",0.940673054869668,1.47602634354442,0.15334591178177,"p >= .05",204
"813",1.1795309368978,"avrate+yellowCards+height+club+refCountry+victories",0.943465663592507,1.47466228479505,0.147282862906064,"p >= .05",205
"941",1.17953094823891,"avrate+yellowCards+height+club+meanIAT+refCountry+victories",0.943465671444669,1.47466230087946,0.147282841687316,"p >= .05",206
"679",1.17959376180809,"avrate+position+yellowCards+club+meanIAT+victories",0.938673122427152,1.48234929673779,0.156479903010716,"p >= .05",207
"611",1.18080177515311,"avrate+position+club+age+victories",0.933517482715121,1.49359048761406,0.165696880149649,"p >= .05",208
"747",1.18084518814211,"avrate+position+height+club+age+meanIAT+victories",0.934654200021003,1.49188369166589,0.163478080379012,"p >= .05",209
"831",1.18173946266042,"avrate+position+yellowCards+height+weight+club+refCountry+victories",0.941472487463394,1.48332338565894,0.149891234861784,"p >= .05",210
"959",1.18173947129189,"avrate+position+yellowCards+height+weight+club+meanIAT+refCountry+victories",0.941472490508741,1.48332340252937,0.149891224335114,"p >= .05",211
"365",1.18225460364433,"avrate+yellowCards+height+club+age+refCountry",0.948716346918703,1.4732811892383,0.135936237941544,"p >= .05",212
"493",1.18225461378197,"avrate+yellowCards+height+club+age+meanIAT+refCountry",0.948716350810712,1.47328120846062,0.135936225849055,"p >= .05",213
"739",1.18376991139397,"avrate+position+club+age+meanIAT+victories",0.935775590058193,1.4974863824291,0.159564591951256,"p >= .05",214
"1015",1.18599772031814,"avrate+position+yellowCards+weight+club+age+meanIAT+refCountry+victories",0.944323347340592,1.48952220292029,0.142313450864798,"p >= .05",215
"887",1.18599774732453,"avrate+position+yellowCards+weight+club+age+refCountry+victories",0.944323346608569,1.48952227191086,0.142313438832175,"p >= .05",216
"495",1.18726176066341,"avrate+position+yellowCards+height+club+age+meanIAT+refCountry",0.950431505516849,1.48310581052028,0.130506419299921,"p >= .05",217
"367",1.18726178696138,"avrate+position+yellowCards+height+club+age+refCountry",0.950431513664553,1.48310586350805,0.130506393139753,"p >= .05",218
"623",1.18869693535417,"avrate+position+yellowCards+height+club+age+victories",0.946689783838089,1.49256961281633,0.136676433994939,"p >= .05",219
"1017",1.18958816264822,"avrate+height+weight+club+age+meanIAT+refCountry+victories",0.943490495717084,1.49987732058416,0.142085004931525,"p >= .05",220
"889",1.18958818675339,"avrate+height+weight+club+age+refCountry+victories",0.943490471913965,1.49987741920966,0.142085036653471,"p >= .05",221
"811",1.19003092661373,"avrate+position+height+club+refCountry+victories",0.944012117489116,1.50016464837747,0.140922410656629,"p >= .05",222
"939",1.19003093732698,"avrate+position+height+club+meanIAT+refCountry+victories",0.944012114008781,1.50016468091867,0.140922411867016,"p >= .05",223
"751",1.19129330848485,"avrate+position+yellowCards+height+club+age+meanIAT+victories",0.948651171711273,1.49599746372601,0.131983589498276,"p >= .05",224
"615",1.19197645911179,"avrate+position+yellowCards+club+age+victories",0.947950935454547,1.49882006118324,0.132940870173009,"p >= .05",225
"487",1.19241090186408,"avrate+position+yellowCards+club+age+meanIAT+refCountry",0.953192029329166,1.49166559846809,0.123475250738098,"p >= .05",226
"359",1.19241092472003,"avrate+position+yellowCards+club+age+refCountry",0.953192017638113,1.49166567394766,0.12347526254253,"p >= .05",227
"1021",1.19350063441998,"avrate+yellowCards+height+weight+club+age+meanIAT+refCountry+victories",0.952567437846145,1.49537314395473,0.124153444584436,"p >= .05",228
"893",1.19350065856301,"avrate+yellowCards+height+weight+club+age+refCountry+victories",0.952567440554951,1.49537320020142,0.124153430568714,"p >= .05",229
"743",1.19441412688019,"avrate+position+yellowCards+club+age+meanIAT+victories",0.949773238585542,1.50206917665482,0.128693681190127,"p >= .05",230
"1019",1.19461446479201,"avrate+position+height+weight+club+age+meanIAT+refCountry+victories",0.945611346640575,1.50918633174221,0.135949494049001,"p >= .05",231
"891",1.1946144671372,"avrate+position+height+weight+club+age+refCountry+victories",0.94561134483163,1.50918634055474,0.135949496218662,"p >= .05",232
"803",1.19487507557762,"avrate+position+club+refCountry+victories",0.94644448190951,1.50851579096969,0.134362509000347,"p >= .05",233
"931",1.19487508327298,"avrate+position+club+meanIAT+refCountry+victories",0.94644447552019,1.50851582058409,0.134362516953969,"p >= .05",234
"865",1.19510805191399,"avrate+club+age+refCountry+victories",0.946819858031724,1.50850580882281,0.133600192694321,"p >= .05",235
"993",1.19510806149954,"avrate+club+age+meanIAT+refCountry+victories",0.946819848241427,1.50850584861947,0.133600205842905,"p >= .05",236
"943",1.20034639222853,"avrate+position+yellowCards+height+club+meanIAT+refCountry+victories",0.957644717241771,1.50455741612188,0.113091181889325,"p >= .05",237
"815",1.20034639914192,"avrate+position+yellowCards+height+club+refCountry+victories",0.957644707234806,1.50455744917483,0.113091196379841,"p >= .05",238
"869",1.20063318652121,"avrate+yellowCards+club+age+refCountry+victories",0.956464257729694,1.50713425716266,0.114968271248557,"p >= .05",239
"997",1.20063319396088,"avrate+yellowCards+club+age+meanIAT+refCountry+victories",0.956464253111075,1.50713428311815,0.114968276551603,"p >= .05",240
"895",1.20426528201684,"avrate+position+yellowCards+height+weight+club+age+refCountry+victories",0.958598830925608,1.51289029642436,0.110325650103921,"p >= .05",241
"1023",1.20426533345415,"avrate+position+yellowCards+height+weight+club+age+meanIAT+refCountry+victories",0.95859884214753,1.51289040795257,0.110325616668945,"p >= .05",242
"1001",1.20498244469405,"avrate+height+club+age+meanIAT+refCountry+victories",0.957000084418494,1.51722315981103,0.112716037974648,"p >= .05",243
"873",1.20498250903841,"avrate+height+club+age+refCountry+victories",0.957000072523856,1.51722334070388,0.112716037728702,"p >= .05",244
"935",1.2055985367419,"avrate+position+yellowCards+club+meanIAT+refCountry+victories",0.960264936804759,1.51361127131284,0.107248477229546,"p >= .05",245
"807",1.20559854797628,"avrate+position+yellowCards+club+refCountry+victories",0.960264941099428,1.5136112927526,0.107248467205721,"p >= .05",246
"1",1.20966747792573,"avrate",0.967207636197863,1.51290721080686,0.0953517304142451,"p >= .05",247
"877",1.20984446951851,"avrate+yellowCards+height+club+age+refCountry+victories",0.966906170008275,1.51382180177007,0.0957752164170511,"p >= .05",248
"1005",1.20984447869127,"avrate+yellowCards+height+club+age+meanIAT+refCountry+victories",0.966906166230829,1.51382183063907,0.0957752202189188,"p >= .05",249
"1003",1.20984613383786,"avrate+position+height+club+age+meanIAT+refCountry+victories",0.959114109554909,1.52612463207499,0.107910244607247,"p >= .05",250
"875",1.20984620797807,"avrate+position+height+club+age+refCountry+victories",0.959114117527839,1.52612480643257,0.107910211625858,"p >= .05",251
"385",1.21111106834121,"avrate+meanIAT+refCountry",0.968315409994689,1.51478537335951,0.0933648855767745,"p >= .05",252
"257",1.21111107865602,"avrate+refCountry",0.96831542046894,1.51478538277642,0.0933648676414164,"p >= .05",253
"129",1.21216872599004,"avrate+meanIAT",0.969090593320349,1.51621843241089,0.0919869576922077,"p >= .05",254
"273",1.21310266849491,"avrate+weight+refCountry",0.971804374135771,1.51431514765325,0.0877831624908547,"p >= .05",255
"401",1.2131026773575,"avrate+weight+meanIAT+refCountry",0.971804366930725,1.51431518100685,0.0877831715478491,"p >= .05",256
"867",1.21473118748639,"avrate+position+club+age+refCountry+victories",0.961517680299458,1.53462789929409,0.102902267092932,"p >= .05",257
"995",1.21473123981088,"avrate+position+club+age+meanIAT+refCountry+victories",0.961517698150893,1.53462800301042,0.102902226964739,"p >= .05",258
"1007",1.21710506965628,"avrate+position+yellowCards+height+club+age+meanIAT+refCountry+victories",0.970309704711112,1.52667209592019,0.089265054071201,"p >= .05",259
"879",1.21710508305277,"avrate+position+yellowCards+height+club+age+refCountry+victories",0.970309700199853,1.52667213662584,0.0892650582523806,"p >= .05",260
"17",1.21959893874311,"avrate+weight",0.976415948922609,1.52334829539046,0.0801835717585224,"p >= .05",261
"999",1.22235185062943,"avrate+position+yellowCards+club+age+meanIAT+refCountry+victories",0.972850980776846,1.535840613065,0.0847678930431841,"p >= .05",262
"871",1.22235187626337,"avrate+position+yellowCards+club+age+refCountry+victories",0.972850988172788,1.53584066580524,0.0847678787548535,"p >= .05",263
"145",1.22242664252336,"avrate+weight+meanIAT",0.978566669607262,1.52705680947693,0.076875110024688,"p >= .05",264
"281",1.2229288909218,"avrate+height+weight+refCountry",0.979197189594146,1.52732778253897,0.0759652948036679,"p >= .05",265
"409",1.22292891152486,"avrate+height+weight+meanIAT+refCountry",0.979197187427895,1.52732783738056,0.0759652954005149,"p >= .05",266
"25",1.22583567295408,"avrate+height+weight",0.98092453174707,1.53189470591632,0.073357611399262,"p >= .05",267
"153",1.22893582306385,"avrate+height+weight+meanIAT",0.983281780237978,1.53596180419828,0.0700187179928649,"p >= .05",268
"9",1.23552726682629,"avrate+height",0.988722829969065,1.54393888843348,0.0628554001523142,"p >= .05",269
"393",1.23698089462145,"avrate+height+meanIAT+refCountry",0.990523091303894,1.54476129541239,0.0606593175307819,"p >= .05",270
"265",1.23698091470761,"avrate+height+refCountry",0.990523102381322,1.5447613283045,0.0606593037218727,"p >= .05",271
"137",1.23869446939608,"avrate+height+meanIAT",0.991141192579328,1.54807811440006,0.0598711926681228,"p >= .05",272
"65",1.24398773990131,"avrate+age",0.996353100619205,1.55316975082733,0.0538919117108943,"p >= .05",273
"193",1.24624857025289,"avrate+age+meanIAT",0.998018184126706,1.55621963964154,0.0520815071756862,"p >= .05",274
"81",1.24906496761345,"avrate+weight+age",1.00119649349868,1.55829879893728,0.0487743036673254,"p < .05",275
"209",1.25156648150965,"avrate+weight+age+meanIAT",1.00305890000396,1.56164175167806,0.0469214031719509,"p < .05",276
"275",1.25557148730499,"avrate+position+weight+refCountry",1.00426061625241,1.56977156548877,0.0457953660640492,"p < .05",277
"403",1.25557148767401,"avrate+position+weight+meanIAT+refCountry",1.00426061628333,1.56977156636317,0.0457953660394804,"p < .05",278
"405",1.25617783953425,"avrate+yellowCards+weight+meanIAT+refCountry",1.01479289293966,1.55498011024282,0.0361851730988698,"p < .05",279
"277",1.25617784123615,"avrate+yellowCards+weight+refCountry",1.01479287778785,1.55498013767358,0.0361851862092735,"p < .05",280
"283",1.25700352508978,"avrate+position+height+weight+refCountry",1.00504173195846,1.57213159597779,0.0450672562756191,"p < .05",281
"411",1.25700355235624,"avrate+position+height+weight+meanIAT+refCountry",1.00504175540172,1.57213162751099,0.0450672343502637,"p < .05",282
"261",1.25921065346267,"avrate+yellowCards+refCountry",1.01477720598264,1.56252176383729,0.0363327842072089,"p < .05",283
"389",1.25921066198787,"avrate+yellowCards+meanIAT+refCountry",1.01477719050783,1.56252180882232,0.0363327977780652,"p < .05",284
"89",1.26013177932088,"avrate+height+weight+age",1.00968372623141,1.57270248098507,0.0408342899923913,"p < .05",285
"217",1.26296483501585,"avrate+height+weight+age+meanIAT",1.01179924385607,1.57647891533068,0.0390508138880984,"p < .05",286
"73",1.26380111691868,"avrate+height+age",1.01283171341077,1.57695818760085,0.038186370144071,"p < .05",287
"465",1.26486575084253,"avrate+weight+age+meanIAT+refCountry",1.01342171034258,1.57869655971116,0.0377216804483045,"p < .05",288
"337",1.26486578168631,"avrate+weight+age+refCountry",1.01342171530528,1.57869662897343,0.0377216774137093,"p < .05",289
"27",1.2653648075173,"avrate+position+height+weight",1.01164592998255,1.58271589757783,0.039267375470968,"p < .05",290
"387",1.26575814647711,"avrate+position+meanIAT+refCountry",1.01149142689803,1.58394193244575,0.0394148530322245,"p < .05",291
"259",1.26575814925132,"avrate+position+refCountry",1.01149143180485,1.58394193170511,0.0394148488641689,"p < .05",292
"201",1.26663946006666,"avrate+height+age+meanIAT",1.01495736618506,1.58073193539978,0.0364990883485077,"p < .05",293
"449",1.26719318953443,"avrate+age+meanIAT+refCountry",1.01405054815553,1.58352912734304,0.0372806334714098,"p < .05",294
"321",1.26719320597983,"avrate+age+refCountry",1.0140505606007,1.58352914901029,0.0372806236615539,"p < .05",295
"19",1.26727671279315,"avrate+position+weight",1.01359444475383,1.58445054143707,0.0376682515265193,"p < .05",296
"155",1.26864553831035,"avrate+position+height+weight+meanIAT",1.0141212930051,1.58705029958055,0.0372787072696533,"p < .05",297
"5",1.2694732699916,"avrate+yellowCards",1.0242686252249,1.57337864651407,0.029336027579497,"p < .05",298
"3",1.26960701087521,"avrate+position",1.01494444027281,1.58816768495252,0.0366329566539446,"p < .05",299
"147",1.2704547990473,"avrate+position+weight+meanIAT",1.01599926402317,1.58863835199145,0.0358031377146959,"p < .05",300
"267",1.27091402769481,"avrate+position+height+refCountry",1.01639884665269,1.58916204117198,0.0354985917157032,"p < .05",301
"395",1.27091403061981,"avrate+position+height+meanIAT+refCountry",1.01639883735502,1.58916206302398,0.0354985993739292,"p < .05",302
"133",1.27186964059363,"avrate+yellowCards+meanIAT",1.02601120209274,1.57664202823931,0.0282166253993896,"p < .05",303
"131",1.27268272080246,"avrate+position+meanIAT",1.01726117425308,1.59223742026566,0.0348842909308298,"p < .05",304
"413",1.27383906764873,"avrate+yellowCards+height+weight+meanIAT+refCountry",1.02879467341695,1.5772495836111,0.0263923267182723,"p < .05",305
"285",1.27383907036779,"avrate+yellowCards+height+weight+refCountry",1.02879466930384,1.57724959665031,0.0263923297127911,"p < .05",306
"11",1.27450085896466,"avrate+position+height",1.01911303688114,1.59388839188318,0.0335114261138925,"p < .05",307
"83",1.27515324842141,"avrate+position+weight+age",1.02063133598915,1.59314705479213,0.0323761593412665,"p < .05",308
"67",1.27701465873888,"avrate+position+age",1.02180092946084,1.59597274930496,0.0315907765594824,"p < .05",309
"139",1.27783749441531,"avrate+position+height+meanIAT",1.02164106243527,1.59828018094862,0.0317533577497731,"p < .05",310
"211",1.27788485315565,"avrate+position+weight+age+meanIAT",1.02265041667549,1.59682103610076,0.0310065784166775,"p < .05",311
"91",1.27823655942775,"avrate+position+height+weight+age",1.02280925964791,1.59745200431617,0.0309085693859137,"p < .05",312
"21",1.27872554838087,"avrate+yellowCards+weight",1.03346983720643,1.58218360054117,0.0236366529657899,"p < .05",313
"195",1.27967286817897,"avrate+position+age+meanIAT",1.02375625595898,1.59956302100389,0.0302957937689612,"p < .05",314
"345",1.28056706350801,"avrate+height+weight+age+refCountry",1.0255844410778,1.59894391769262,0.0290388414786865,"p < .05",315
"473",1.28056706972937,"avrate+height+weight+age+meanIAT+refCountry",1.02558443966801,1.59894393542681,0.0290388428333529,"p < .05",316
"219",1.2811483435346,"avrate+position+height+weight+age+meanIAT",1.02496179185867,1.60136806189139,0.0295131855718705,"p < .05",317
"149",1.28157706909584,"avrate+yellowCards+weight+meanIAT",1.03558676363403,1.58599920519331,0.0225162149990411,"p < .05",318
"75",1.28177260815609,"avrate+position+height+age",1.02588543854152,1.60148585533586,0.0288966819311357,"p < .05",319
"203",1.28468704965059,"avrate+position+height+age+meanIAT",1.02804651998973,1.60539507060091,0.0275784018146588,"p < .05",320
"339",1.28642414919518,"avrate+position+weight+age+refCountry",1.02919638117649,1.60794103234293,0.0269115316930438,"p < .05",321
"467",1.28642418369291,"avrate+position+weight+age+meanIAT+refCountry",1.02919639149581,1.60794110246032,0.0269115269296772,"p < .05",322
"457",1.28646328460882,"avrate+height+age+meanIAT+refCountry",1.03068844438456,1.60571100962982,0.0259322194135864,"p < .05",323
"329",1.28646330044657,"avrate+height+age+refCountry",1.03068845277348,1.60571103609676,0.0259322149423627,"p < .05",324
"397",1.2883881352489,"avrate+yellowCards+height+meanIAT+refCountry",1.04076318701152,1.59492957453325,0.0199728371575176,"p < .05",325
"269",1.28838815819615,"avrate+yellowCards+height+refCountry",1.04076320058491,1.59492961054655,0.0199728312178018,"p < .05",326
"29",1.29201201384808,"avrate+yellowCards+height+weight",1.04395540717807,1.59900991215715,0.0185002708447376,"p < .05",327
"347",1.29322357933226,"avrate+position+height+weight+age+refCountry",1.03437644246838,1.61684581886835,0.0240347824893865,"p < .05",328
"475",1.29322359286381,"avrate+position+height+weight+age+meanIAT+refCountry",1.03437644669489,1.61684584609737,0.0240347807763465,"p < .05",329
"69",1.29388913504065,"avrate+yellowCards+age",1.04388126224185,1.60377348874032,0.0186729299514321,"p < .05",330
"323",1.29483792704946,"avrate+position+age+refCountry",1.03534669540822,1.61936601986708,0.0235508674782679,"p < .05",331
"451",1.29483795533854,"avrate+position+age+meanIAT+refCountry",1.03534670035357,1.61936608289062,0.0235508663338144,"p < .05",332
"157",1.29528749661869,"avrate+yellowCards+height+weight+meanIAT",1.04640032554634,1.60337268436984,0.0174739681001027,"p < .05",333
"197",1.29598303446348,"avrate+yellowCards+age+meanIAT",1.0453571795903,1.60669679073274,0.0180539472147666,"p < .05",334
"785",1.29609007772142,"avrate+weight+refCountry+victories",1.03493404247652,1.62314642346497,0.0238797248851659,"p < .05",335
"913",1.29609016767866,"avrate+weight+meanIAT+refCountry+victories",1.03493406868583,1.62314660767366,0.0238797148098878,"p < .05",336
"469",1.29713493520512,"avrate+yellowCards+weight+age+meanIAT+refCountry",1.0469849303419,1.60705182220736,0.0173124409253733,"p < .05",337
"341",1.29713495560846,"avrate+yellowCards+weight+age+refCountry",1.04698493853222,1.60705186019214,0.0173124382914382,"p < .05",338
"897",1.29797384151039,"avrate+meanIAT+refCountry+victories",1.03429495230595,1.62887393918837,0.0243854807342036,"p < .05",339
"769",1.29797388182194,"avrate+refCountry+victories",1.03429494475029,1.62887405226433,0.0243854878416189,"p < .05",340
"917",1.29847561071665,"avrate+yellowCards+weight+meanIAT+refCountry+victories",1.04312153319752,1.61633985874849,0.0193954534715188,"p < .05",341
"789",1.29847561521504,"avrate+yellowCards+weight+refCountry+victories",1.04312154026027,1.61633985900376,0.0193954500304449,"p < .05",342
"331",1.29934425188187,"avrate+position+height+age+refCountry",1.03970273669053,1.62382518129409,0.0213193530734979,"p < .05",343
"459",1.29934425555718,"avrate+position+height+age+meanIAT+refCountry",1.03970274108887,1.62382518361095,0.0213193508560432,"p < .05",344
"85",1.29938109438156,"avrate+yellowCards+weight+age",1.0496981428206,1.60845404937023,0.0161518987682206,"p < .05",345
"513",1.29949631111825,"avrate+victories",1.03513938001541,1.63136549068859,0.0239719936723238,"p < .05",346
"13",1.30124380859126,"avrate+yellowCards+height",1.05156421170343,1.61020642444099,0.0154131114220726,"p < .05",347
"213",1.30185390476394,"avrate+yellowCards+weight+age+meanIAT",1.05148584562051,1.61183680827292,0.0154922124249493,"p < .05",348
"901",1.3026480067538,"avrate+yellowCards+meanIAT+refCountry+victories",1.04389299722705,1.625541922407,0.0192748414872978,"p < .05",349
"773",1.30264800899459,"avrate+yellowCards+refCountry+victories",1.04389301184456,1.62554190523716,0.0192748340021047,"p < .05",350
"325",1.30438588863902,"avrate+yellowCards+age+refCountry",1.0508169292388,1.61914268712162,0.0159789392381739,"p < .05",351
"453",1.30438593588057,"avrate+yellowCards+age+meanIAT+refCountry",1.05081694214791,1.61914278451323,0.0159789365395958,"p < .05",352
"141",1.30460016772746,"avrate+yellowCards+height+meanIAT",1.05408258941634,1.61465677805847,0.0145209119529968,"p < .05",353
"641",1.30656039726051,"avrate+meanIAT+victories",1.04064201365426,1.6404297052115,0.0212740474700943,"p < .05",354
"529",1.30879626595586,"avrate+weight+victories",1.0439471995706,1.64083745469556,0.0196590859676254,"p < .05",355
"279",1.30996200801431,"avrate+position+yellowCards+weight+refCountry",1.05600441370536,1.62499364602058,0.0140666591503192,"p < .05",356
"407",1.30996202437098,"avrate+position+yellowCards+weight+meanIAT+refCountry",1.05600442437,1.62499367019023,0.0140666557704725,"p < .05",357
"517",1.31132050013986,"avrate+yellowCards+victories",1.05141743023775,1.63546979975235,0.016179565757681,"p < .05",358
"793",1.31453371375816,"avrate+height+weight+refCountry+victories",1.04929009823109,1.64682663785726,0.0173881135890074,"p < .05",359
"921",1.31453380350531,"avrate+height+weight+meanIAT+refCountry+victories",1.0492900933623,1.64682687036623,0.0173881218766299,"p < .05",360
"287",1.3159434481139,"avrate+position+yellowCards+height+weight+refCountry",1.06056270587967,1.63281920911746,0.0126271962892377,"p < .05",361
"415",1.31594345996984,"avrate+position+yellowCards+height+weight+meanIAT+refCountry",1.06056270889663,1.63281923389424,0.0126271959128681,"p < .05",362
"657",1.31626712177414,"avrate+weight+meanIAT+victories",1.04979209261413,1.65038310733438,0.0172662776530586,"p < .05",363
"93",1.31659149730572,"avrate+yellowCards+height+weight+age",1.06347244257488,1.62995588920084,0.0115735168531457,"p < .05",364
"645",1.31771982420285,"avrate+yellowCards+meanIAT+victories",1.05636049528668,1.64374334599286,0.0144425169981605,"p < .05",365
"577",1.31866361127829,"avrate+age+victories",1.05022589999299,1.65571399421887,0.0172214682453101,"p < .05",366
"221",1.31955066083807,"avrate+yellowCards+height+weight+age+meanIAT",1.06563654858138,1.63396605422006,0.0109914634875297,"p < .05",367
"349",1.31996367716412,"avrate+yellowCards+height+weight+age+refCountry",1.06521747014237,1.63563230783266,0.0111661922919197,"p < .05",368
"477",1.31996370304639,"avrate+yellowCards+height+weight+age+meanIAT+refCountry",1.06521747436364,1.63563236549493,0.0111661924805812,"p < .05",369
"797",1.32020873931853,"avrate+yellowCards+height+weight+refCountry+victories",1.06039118348205,1.6436869171711,0.0129775031710527,"p < .05",370
"925",1.32020875448169,"avrate+yellowCards+height+weight+meanIAT+refCountry+victories",1.06039117593049,1.64368696663347,0.012977507115267,"p < .05",371
"533",1.3204244705518,"avrate+yellowCards+weight+victories",1.06049965320645,1.64405596660068,0.0129495252201011,"p < .05",372
"77",1.32066811223876,"avrate+yellowCards+height+age",1.06699877232668,1.63464505107254,0.0105917327163831,"p < .05",373
"537",1.32092062190249,"avrate+height+weight+victories",1.05322076020304,1.6566624541572,0.0160091096031328,"p < .05",374
"391",1.32178871527723,"avrate+position+yellowCards+meanIAT+refCountry",1.06466548122795,1.6410087850497,0.0114816987185094,"p < .05",375
"263",1.32178873720409,"avrate+position+yellowCards+refCountry",1.06466546184774,1.6410088693658,0.0114817070972309,"p < .05",376
"205",1.32364352880686,"avrate+yellowCards+height+age+meanIAT",1.06918330201785,1.6386640046152,0.0100503718904664,"p < .05",377
"593",1.32453878223178,"avrate+weight+age+victories",1.05602437051136,1.66132812331453,0.0150342148292547,"p < .05",378
"705",1.32542138796942,"avrate+age+meanIAT+victories",1.05545883046707,1.66443427727955,0.0153313620400272,"p < .05",379
"399",1.32698274004714,"avrate+position+yellowCards+height+meanIAT+refCountry",1.06990898127598,1.64582522737866,0.0100235355004169,"p < .05",380
"271",1.32698274115659,"avrate+position+yellowCards+height+refCountry",1.06990898439282,1.64582522533612,0.0100235345600566,"p < .05",381
"661",1.32726650923326,"avrate+yellowCards+weight+meanIAT+victories",1.06581476342043,1.65285417972517,0.0114253008711054,"p < .05",382
"333",1.32751543815352,"avrate+yellowCards+height+age+refCountry",1.07177081036652,1.64428553333457,0.00946503671006227,"p < .05",383
"461",1.32751546707401,"avrate+yellowCards+height+age+meanIAT+refCountry",1.07177080232126,1.64428561732034,0.00946504099598399,"p < .05",384
"905",1.32755390689222,"avrate+height+meanIAT+refCountry+victories",1.05998760349271,1.66266036498692,0.0136152450310398,"p < .05",385
"777",1.32755392204799,"avrate+height+refCountry+victories",1.05998760271767,1.66266040416552,0.013615246314258,"p < .05",386
"581",1.32883932972951,"avrate+yellowCards+age+victories",1.0650453636086,1.65797065981587,0.0117985655826013,"p < .05",387
"977",1.32911585398349,"avrate+weight+age+meanIAT+refCountry+victories",1.06037470652108,1.66596670256878,0.013564094692155,"p < .05",388
"849",1.32911587508632,"avrate+weight+age+refCountry+victories",1.06037469555373,1.66596677270195,0.0135641003310024,"p < .05",389
"665",1.32914035436885,"avrate+height+weight+meanIAT+victories",1.05965732447925,1.6671560143086,0.0138476938355268,"p < .05",390
"521",1.32922234924804,"avrate+height+victories",1.06000512261779,1.66681463706244,0.0137157753041152,"p < .05",391
"981",1.32941463711536,"avrate+yellowCards+weight+age+meanIAT+refCountry+victories",1.06694353568826,1.65645436544728,0.011167900225493,"p < .05",392
"853",1.32941469174894,"avrate+yellowCards+weight+age+refCountry+victories",1.06694351754422,1.65645452976351,0.0111679099272873,"p < .05",393
"721",1.33164896166746,"avrate+weight+age+meanIAT+victories",1.06155680655362,1.6704607291503,0.0132690296465966,"p < .05",394
"343",1.33224386083688,"avrate+position+yellowCards+weight+age+refCountry",1.07306479987918,1.65402285578411,0.00935440438937807,"p < .05",395
"471",1.33224386252969,"avrate+position+yellowCards+weight+age+meanIAT+refCountry",1.07306479963564,1.65402286036287,0.00935440456591228,"p < .05",396
"781",1.3334838660619,"avrate+yellowCards+height+refCountry+victories",1.07138530641332,1.65970095949908,0.0099516188616936,"p < .05",397
"909",1.33348388522423,"avrate+yellowCards+height+meanIAT+refCountry+victories",1.07138532524909,1.65970097802049,0.00995161406695016,"p < .05",398
"597",1.33476496034067,"avrate+yellowCards+weight+age+victories",1.07131952635936,1.66299358456351,0.0100504419759039,"p < .05",399
"709",1.33488067782432,"avrate+yellowCards+age+meanIAT+victories",1.0696790866151,1.66583272153836,0.010587128008673,"p < .05",400
"833",1.33522964803189,"avrate+age+refCountry+victories",1.06346226258019,1.67644708770182,0.0127783819938025,"p < .05",401
"961",1.33522968937938,"avrate+age+meanIAT+refCountry+victories",1.06346225117435,1.67644720950971,0.0127783888050865,"p < .05",402
"541",1.33606967553293,"avrate+yellowCards+height+weight+victories",1.0728622045754,1.66385037171213,0.00964687625968222,"p < .05",403
"23",1.33717673726235,"avrate+position+yellowCards+weight",1.07884034869756,1.65737370578901,0.00798254936949233,"p < .05",404
"649",1.33745302428625,"avrate+height+meanIAT+victories",1.06646217295305,1.67730336578116,0.0118369013243675,"p < .05",405
"965",1.33796173318038,"avrate+yellowCards+age+meanIAT+refCountry+victories",1.07153442243342,1.6706337771116,0.0101757767644937,"p < .05",406
"837",1.33796173967162,"avrate+yellowCards+age+refCountry+victories",1.07153442428704,1.67063379043207,0.0101757765678355,"p < .05",407
"87",1.3385240332891,"avrate+position+yellowCards+weight+age",1.07920320795265,1.66015684024092,0.00796123087021347,"p < .05",408
"31",1.33917305124788,"avrate+position+yellowCards+height+weight",1.08010284958073,1.6603830476743,0.00775785909720925,"p < .05",409
"7",1.33967075776916,"avrate+position+yellowCards",1.08037755152658,1.66119495604648,0.00771339424485589,"p < .05",410
"787",1.33980491585729,"avrate+position+weight+refCountry+victories",1.06800822176104,1.68077096784465,0.0114474356708654,"p < .05",411
"915",1.3398049301935,"avrate+position+weight+meanIAT+refCountry+victories",1.06800822591132,1.68077099728245,0.0114474351327997,"p < .05",412
"601",1.34001957928805,"avrate+height+weight+age+victories",1.06804112015471,1.68125780832784,0.0114493375347495,"p < .05",413
"151",1.34042475313739,"avrate+position+yellowCards+weight+meanIAT",1.08124208808431,1.66173564516601,0.00753022181157115,"p < .05",414
"71",1.3404777321513,"avrate+position+yellowCards+age",1.0804303739753,1.66311554513421,0.00774470371242731,"p < .05",415
"725",1.34120481702911,"avrate+yellowCards+weight+age+meanIAT+victories",1.07629084371475,1.67132366843664,0.00892762951042365,"p < .05",416
"215",1.34130900381337,"avrate+position+yellowCards+weight+age+meanIAT",1.08120828734394,1.66398081181051,0.00758803584435457,"p < .05",417
"327",1.34242200781873,"avrate+position+yellowCards+age+refCountry",1.08061230153436,1.66766271725509,0.00780545043297734,"p < .05",418
"455",1.34242200862594,"avrate+position+yellowCards+age+meanIAT+refCountry",1.08061230646235,1.6676627116555,0.0078054491818354,"p < .05",419
"159",1.34261711108685,"avrate+position+yellowCards+height+weight+meanIAT",1.0826490671379,1.66500924602338,0.00729265240005315,"p < .05",420
"479",1.34265043593856,"avrate+position+yellowCards+height+weight+age+meanIAT+refCountry",1.08128166508322,1.66719759646276,0.00764337285070216,"p < .05",421
"351",1.3426505184879,"avrate+position+yellowCards+height+weight+age+refCountry",1.08128166545492,1.6671978008962,0.00764337732418365,"p < .05",422
"135",1.34279675697889,"avrate+position+yellowCards+meanIAT",1.0826736371204,1.66541704603501,0.00729628597948801,"p < .05",423
"199",1.34316851359278,"avrate+position+yellowCards+age+meanIAT",1.08235325550631,1.66683256758268,0.007397378992131,"p < .05",424
"669",1.34368832684229,"avrate+yellowCards+height+weight+meanIAT+victories",1.07879483147303,1.67362529650513,0.00836505092451139,"p < .05",425
"585",1.34398127939104,"avrate+height+age+victories",1.07144644915766,1.68583850436354,0.010564363817914,"p < .05",426
"525",1.34424996244011,"avrate+yellowCards+height+victories",1.07962728163617,1.67373314129457,0.00817013535528389,"p < .05",427
"95",1.34441734883896,"avrate+position+yellowCards+height+weight+age",1.08375709824539,1.66777039872262,0.00711496637622929,"p < .05",428
"15",1.34534111417293,"avrate+position+yellowCards+height",1.08536624892296,1.66758706130776,0.00677570469790259,"p < .05",429
"79",1.34604650201308,"avrate+position+yellowCards+height+age",1.08536402972162,1.66933962796461,0.00681349352534371,"p < .05",430
"463",1.3470314139431,"avrate+position+yellowCards+height+age+meanIAT+refCountry",1.08537629719037,1.67176456206626,0.00686257022364545,"p < .05",431
"335",1.34703143757786,"avrate+position+yellowCards+height+age+refCountry",1.08537630019053,1.67176461611014,0.00686257075638456,"p < .05",432
"923",1.34741910093377,"avrate+position+height+weight+meanIAT+refCountry+victories",1.0738112142419,1.69074247826972,0.0100267700781526,"p < .05",433
"795",1.34741914184967,"avrate+position+height+weight+refCountry+victories",1.07381121813098,1.69074257482888,0.0100267712719986,"p < .05",434
"223",1.34747314032075,"avrate+position+yellowCards+height+weight+age+meanIAT",1.08596680222997,1.67195153678499,0.00674607307187832,"p < .05",435
"729",1.34791459133856,"avrate+height+weight+age+meanIAT+victories",1.07419249916531,1.6913856193887,0.00993924471433238,"p < .05",436
"143",1.34881846229097,"avrate+position+yellowCards+height+meanIAT",1.08794776370081,1.67224135654118,0.00636001528951109,"p < .05",437
"207",1.34908506322154,"avrate+position+yellowCards+height+age+meanIAT",1.08756754954369,1.67348732368034,0.00645966042400187,"p < .05",438
"791",1.34971239921152,"avrate+position+yellowCards+weight+refCountry+victories",1.08188236480819,1.68384624783888,0.00787578343554295,"p < .05",439
"919",1.34971242662115,"avrate+position+yellowCards+weight+meanIAT+refCountry+victories",1.08188236748947,1.68384631205601,0.00787578423585401,"p < .05",440
"713",1.3518234224235,"avrate+height+age+meanIAT+victories",1.07756493502943,1.69588532997584,0.00916917253389368,"p < .05",441
"653",1.35189738685871,"avrate+yellowCards+height+meanIAT+victories",1.08559363746578,1.68352731770042,0.00706663002441107,"p < .05",442
"985",1.35204565579073,"avrate+height+weight+age+meanIAT+refCountry+victories",1.07831641286456,1.69526071710846,0.00896877387360234,"p < .05",443
"857",1.35204569012244,"avrate+height+weight+age+refCountry+victories",1.07831640217571,1.69526082000632,0.00896877880325164,"p < .05",444
"771",1.35332073572815,"avrate+position+refCountry+victories",1.07771210623108,1.69941211865637,0.00921145319547935,"p < .05",445
"899",1.35332074569175,"avrate+position+meanIAT+refCountry+victories",1.07771210362365,1.69941214779124,0.00921145449883201,"p < .05",446
"605",1.35353744838553,"avrate+yellowCards+height+weight+age+victories",1.08627512924923,1.68655580418952,0.00698982164526824,"p < .05",447
"861",1.35549007649139,"avrate+yellowCards+height+weight+age+refCountry+victories",1.08771859408716,1.68918078394035,0.00675322722392601,"p < .05",448
"989",1.35549013053335,"avrate+yellowCards+height+weight+age+meanIAT+refCountry+victories",1.0877185990434,1.68918091093523,0.00675322884340581,"p < .05",449
"589",1.35754173352069,"avrate+yellowCards+height+age+victories",1.08974491150778,1.69114766106179,0.00639975513272237,"p < .05",450
"531",1.3583679828394,"avrate+position+weight+victories",1.08175034970201,1.70572034232433,0.00838039936816189,"p < .05",451
"979",1.35883997532396,"avrate+position+weight+age+meanIAT+refCountry+victories",1.08237630736277,1.70591878811291,0.00824135689157305,"p < .05",452
"851",1.3588399828825,"avrate+position+weight+age+refCountry+victories",1.0823763094029,1.70591880387582,0.00824135676471427,"p < .05",453
"927",1.3591396642471,"avrate+position+yellowCards+height+weight+meanIAT+refCountry+victories",1.08926067941343,1.69588479768174,0.00658735858903101,"p < .05",454
"799",1.3591396677848,"avrate+position+yellowCards+height+weight+refCountry+victories",1.08926068744248,1.69588479400962,0.00658735696542912,"p < .05",455
"841",1.35917443352856,"avrate+height+age+refCountry+victories",1.08452277547222,1.70338067815432,0.00771115692146909,"p < .05",456
"969",1.35917448172325,"avrate+height+age+meanIAT+refCountry+victories",1.08452276654844,1.70338081296992,0.00771116168519232,"p < .05",457
"595",1.35953149307231,"avrate+position+weight+age+victories",1.08211932604292,1.70806105775261,0.00834583257749187,"p < .05",458
"779",1.35956317224064,"avrate+position+height+refCountry+victories",1.08393902508599,1.70527306106207,0.00787831022388586,"p < .05",459
"907",1.35956320789217,"avrate+position+height+meanIAT+refCountry+victories",1.08393904754111,1.70527311516928,0.00787830643154072,"p < .05",460
"539",1.36055955922342,"avrate+position+height+weight+victories",1.08311607302011,1.70907104077281,0.00814133792093281,"p < .05",461
"733",1.36078957941862,"avrate+yellowCards+height+weight+age+meanIAT+victories",1.09189027220403,1.69591059339366,0.00609547292526324,"p < .05",462
"515",1.36113181952387,"avrate+position+victories",1.08336595205572,1.71011450618771,0.00810746148919864,"p < .05",463
"579",1.3618781502376,"avrate+position+age+victories",1.083520364144,1.71174641240806,0.00810741824723657,"p < .05",464
"973",1.36315939752993,"avrate+yellowCards+height+age+meanIAT+refCountry+victories",1.09440791700538,1.69790762128144,0.00568941338318872,"p < .05",465
"845",1.36315944199267,"avrate+yellowCards+height+age+refCountry+victories",1.09440791778287,1.69790773083792,0.00568941531328065,"p < .05",466
"775",1.36341189270895,"avrate+position+yellowCards+refCountry+victories",1.09185475507618,1.70250848891572,0.0062301570297979,"p < .05",467
"903",1.36341195923524,"avrate+position+yellowCards+meanIAT+refCountry+victories",1.09185478048436,1.70250861544157,0.00623015482951793,"p < .05",468
"717",1.36475724792444,"avrate+yellowCards+height+age+meanIAT+victories",1.09533967001696,1.70044269987358,0.00557857224273073,"p < .05",469
"603",1.36502912521219,"avrate+position+height+weight+age+victories",1.08622070788826,1.71540139047803,0.00759750996138971,"p < .05",470
"983",1.36652265086286,"avrate+position+yellowCards+weight+age+meanIAT+refCountry+victories",1.09438298290818,1.70633515367621,0.00585226566353775,"p < .05",471
"855",1.36652266288272,"avrate+position+yellowCards+weight+age+refCountry+victories",1.09438298253506,1.70633518427564,0.00585226630331026,"p < .05",472
"659",1.36673738481503,"avrate+position+weight+meanIAT+victories",1.08828447100358,1.71643639950908,0.00719248412631295,"p < .05",473
"723",1.36745637427483,"avrate+position+weight+age+meanIAT+victories",1.08827194059271,1.71826256452632,0.00723160128766663,"p < .05",474
"523",1.36770140210974,"avrate+position+height+victories",1.08906350638454,1.71762905869738,0.00706026712811709,"p < .05",475
"587",1.36832009250639,"avrate+position+height+age+victories",1.08913204615262,1.71907518667791,0.00707535859805694,"p < .05",476
"667",1.36939513721446,"avrate+position+height+weight+meanIAT+victories",1.09001496097865,1.72038284698675,0.00692734143509935,"p < .05",477
"643",1.36943190801587,"avrate+position+meanIAT+victories",1.08983101154069,1.72076563323412,0.00697083258221771,"p < .05",478
"911",1.36944535217742,"avrate+position+yellowCards+height+meanIAT+refCountry+victories",1.09805658546646,1.70790886136681,0.00526979485493953,"p < .05",479
"783",1.36944543415302,"avrate+position+yellowCards+height+refCountry+victories",1.09805658440402,1.70790906749167,0.00526979871584613,"p < .05",480
"707",1.36974370272302,"avrate+position+age+meanIAT+victories",1.08961180438289,1.72189563622797,0.00703616703502399,"p < .05",481
"987",1.37027952782168,"avrate+position+height+weight+age+meanIAT+refCountry+victories",1.09127634710011,1.72061457151234,0.00668916572841716,"p < .05",482
"859",1.37027953753647,"avrate+position+height+weight+age+refCountry+victories",1.09127633614057,1.72061461318932,0.00668916861501344,"p < .05",483
"963",1.37126280310716,"avrate+position+age+meanIAT+refCountry+victories",1.09139851521284,1.72289191250971,0.00671004144293619,"p < .05",484
"835",1.37126283570496,"avrate+position+age+refCountry+victories",1.09139852016313,1.72289198660866,0.00671004193542307,"p < .05",485
"731",1.37346282433395,"avrate+position+height+weight+age+meanIAT+victories",1.09277229902495,1.72625178320366,0.00651728184057155,"p < .05",486
"651",1.37650805455317,"avrate+position+height+meanIAT+victories",1.09595137063823,1.72888549164944,0.00599899626808323,"p < .05",487
"599",1.37662187413044,"avrate+position+yellowCards+weight+age+victories",1.1026011221786,1.71874284019406,0.00476610437024173,"p < .05",488
"715",1.37667986220696,"avrate+position+height+age+meanIAT+victories",1.09563455320959,1.72981715249319,0.00607091578175797,"p < .05",489
"535",1.37676937104531,"avrate+position+yellowCards+weight+victories",1.10357771449642,1.71758986807146,0.00460685739021833,"p < .05",490
"971",1.37693446917039,"avrate+position+height+age+meanIAT+refCountry+victories",1.09715569491643,1.72805786924704,0.00577927855144476,"p < .05",491
"843",1.37693456625485,"avrate+position+height+age+refCountry+victories",1.09715570795132,1.72805809239936,0.00577928039115203,"p < .05",492
"583",1.37896942955498,"avrate+position+yellowCards+age+victories",1.10403283095368,1.72237331565999,0.00462154422432682,"p < .05",493
"967",1.37915228234407,"avrate+position+yellowCards+age+meanIAT+refCountry+victories",1.1036473615335,1.72343185349709,0.00469370545472088,"p < .05",494
"839",1.3791523612312,"avrate+position+yellowCards+age+refCountry+victories",1.10364737034827,1.7234320368918,0.00469370723285706,"p < .05",495
"991",1.37951295167555,"avrate+position+yellowCards+height+weight+age+meanIAT+refCountry+victories",1.10466585240845,1.72274356059025,0.00453896542002067,"p < .05",496
"863",1.37951299012961,"avrate+position+yellowCards+height+weight+age+refCountry+victories",1.10466584971761,1.72274366082994,0.00453896742906329,"p < .05",497
"519",1.37958185144889,"avrate+position+yellowCards+victories",1.10528751634809,1.72194660366339,0.00444033389761558,"p < .05",498
"543",1.38087316638302,"avrate+position+yellowCards+height+weight+victories",1.10656609941215,1.72317831049553,0.00428783382792812,"p < .05",499
"607",1.38370345487671,"avrate+position+yellowCards+height+weight+age+victories",1.10808809122597,1.72787278033052,0.00416241122846976,"p < .05",500
"727",1.38385188064089,"avrate+position+yellowCards+weight+age+meanIAT+victories",1.10817322370654,1.72811072004431,0.00415513746228191,"p < .05",501
"663",1.38445615634881,"avrate+position+yellowCards+weight+meanIAT+victories",1.10953762798355,1.72749332741019,0.00397319721115858,"p < .05",502
"975",1.3846267098378,"avrate+position+yellowCards+height+age+meanIAT+refCountry+victories",1.10939762851062,1.72813703249942,0.00400039829090725,"p < .05",503
"847",1.38462671493685,"avrate+position+yellowCards+height+age+refCountry+victories",1.10939762908501,1.72813704433282,0.00400039839912403,"p < .05",504
"591",1.38564547741274,"avrate+position+yellowCards+height+age+victories",1.10996237666862,1.72980042335939,0.00395549949290411,"p < .05",505
"711",1.38612781717008,"avrate+position+yellowCards+age+meanIAT+victories",1.10953418096627,1.73167294752417,0.00403705077009692,"p < .05",506
"527",1.38638938563897,"avrate+position+yellowCards+height+victories",1.11130678418157,1.72956338967004,0.00378887807359779,"p < .05",507
"647",1.38718701693878,"avrate+position+yellowCards+meanIAT+victories",1.11116849670741,1.73176959719927,0.003838034716984,"p < .05",508
"671",1.38904176788483,"avrate+position+yellowCards+height+weight+meanIAT+victories",1.11290624340097,1.73369234324032,0.0036614451681515,"p < .05",509
"735",1.39145581759283,"avrate+position+yellowCards+height+weight+age+meanIAT+victories",1.11407207792903,1.73790307707207,0.00358843588720727,"p < .05",510
"719",1.3933191008548,"avrate+position+yellowCards+height+age+meanIAT+victories",1.11589211104301,1.73971847062553,0.00341244921862617,"p < .05",511
"655",1.39452101461407,"avrate+position+yellowCards+height+meanIAT+victories",1.11762720660606,1.74001567669937,0.00323273238164009,"p < .05",512
