"","rownumber","covariates.formula","covariates.rownumber","R2c","R2m","Avrate_OR","Avrate_LCI","Avrate_UCI","R2_first_covariate","Pval_first_covariate","Model Covariates","n"
"128",128,"meanIAT","128",0.209357693598017,8.64786892604418e-05,1.9181103389468,0.124443590915489,29.564779072256,0.65134050293316,0.640697289788245,"1",1
"1",1,"avrate","1",0.209188426356661,0.000714012684700751,1.20966747792573,0.967207636197863,1.51290721080686,0.190345510209389,0.0953517304142451,"1",2
"129",129,"avrate+meanIAT","129",0.209534723081743,0.000804359777004736,1.21216872599004,0.969090593320349,1.51621843241089,0.192411090820982,0.0919869576922077,"2",3
"8",8,"height","8",0.210003207622533,0.00223738744237861,1.01421943743013,1.00457974711229,1.02395162775078,0.0141192894782448,0.00375875952964743,"1",4
"136",136,"height+meanIAT","136",0.210380001833255,0.00234024837611785,1.01430161450347,1.00465941993356,1.02403634980338,0.0142003111401111,0.00357020512308503,"2",5
"16",16,"weight","16",0.210117887817299,0.00290809774736961,1.01549081848105,1.00632406652348,1.02474107171246,0.0153720606198321,0.000891947889229624,"1",6
"24",24,"height+weight","24",0.210181570320945,0.00297501037677698,1.00376716076176,0.988358226226099,1.01941632728743,0.00376008278201582,0.63380572736554,"2",7
"144",144,"weight+meanIAT","144",0.210488090532639,0.00300948310753129,1.01553612986775,1.00636843932559,1.02478733510154,0.0154166798079184,0.000862202449588487,"2",8
"152",152,"height+weight+meanIAT","152",0.210557152318548,0.00307812874607167,1.00387830994452,0.988464488854015,1.01953248957425,0.0038708086890488,0.623919234688884,"3",9
"9",9,"avrate+height","9",0.210191368219554,0.00309483457087397,1.23552726682629,0.988722829969065,1.54393888843348,0.211497815669848,0.0628554001523142,"2",10
"137",137,"avrate+height+meanIAT","137",0.210569264728045,0.00320027587480985,1.23869446939608,0.991141192579328,1.54807811440006,0.21405797772271,0.0598711926681228,"3",11
"17",17,"avrate+weight","17",0.210259370632537,0.00364842248792577,1.21959893874311,0.976415948922609,1.52334829539046,0.198522065963586,0.0801835717585224,"2",12
"145",145,"avrate+weight+meanIAT","145",0.210633481496456,0.00375283899024151,1.22242664252336,0.978566669607262,1.52705680947693,0.200837934450587,0.076875110024688,"3",13
"25",25,"avrate+height+weight","25",0.210344889833937,0.00375510245896927,1.22583567295408,0.98092453174707,1.53189470591632,0.203622793419647,0.073357611399262,"3",14
"153",153,"avrate+height+weight+meanIAT","153",0.210723958472898,0.00386135701629851,1.22893582306385,0.983281780237978,1.53596180419828,0.206148610395264,0.0700187179928649,"4",15
"2",2,"position","2",0.209281303829171,0.0118102107122133,1.61510131208954,1.3874242646728,1.88014028205608,0.479397686651044,6.26241760862817e-10,"1",16
"130",130,"position+meanIAT","130",0.20962181398238,0.0118939690001574,1.6148968893555,1.38728237833079,1.87985662038607,0.479271109036095,6.28801486133285e-10,"2",17
"10",10,"position+height","10",0.209520753502335,0.012078115010996,1.57460048047937,1.34223503529075,1.84719263611592,0.454001576911945,2.50287125279907e-08,"2",18
"138",138,"position+height+meanIAT","138",0.209875719618283,0.0121665003334846,1.57378368583871,1.34156644447563,1.84619636247696,0.453482710969394,2.58537065773961e-08,"3",19
"18",18,"position+weight","18",0.209764683486843,0.0125852033269789,1.55218661007872,1.324791793584,1.81861276932413,0.43966465298575,5.33182294231028e-08,"2",20
"26",26,"position+height+weight","26",0.209741696002289,0.0126194792400675,1.5587442750119,1.32808173965126,1.82946850509397,0.443880545198246,5.5565153522227e-08,"3",21
"146",146,"position+weight+meanIAT","146",0.210118884290705,0.0126739293724957,1.5516967075123,1.3244051268036,1.8179955841122,0.439348982246636,5.4250895807369e-08,"3",22
"154",154,"position+height+weight+meanIAT","154",0.210093789466725,0.0127069762840244,1.55800650045313,1.32747976676386,1.82856591582689,0.443407119746101,5.7180541102411e-08,"4",23
"3",3,"avrate+position","3",0.209613163669046,0.0129602449154576,1.26960701087521,1.01494444027281,1.58816768495252,0.238707412328248,0.0366329566539446,"2",24
"131",131,"avrate+position+meanIAT","131",0.209966310960086,0.0130495571909407,1.27268272080246,1.01726117425308,1.59223742026566,0.241127051120412,0.0348842909308298,"3",25
"11",11,"avrate+position+height","11",0.209843761443557,0.0132538556968878,1.27450085896466,1.01911303688114,1.59388839188318,0.242554618795878,0.0335114261138925,"3",26
"139",139,"avrate+position+height+meanIAT","139",0.210207905476946,0.0133470791620435,1.27783749441531,1.02164106243527,1.59828018094862,0.245169191700756,0.0317533577497731,"4",27
"19",19,"avrate+position+weight","19",0.210037410678557,0.0136987053653558,1.26727671279315,1.01359444475383,1.58445054143707,0.23687027748779,0.0376682515265193,"3",28
"27",27,"avrate+position+height+weight","27",0.210022538461458,0.0137147794727351,1.2653648075173,1.01164592998255,1.58271589757783,0.235360465993581,0.039267375470968,"4",29
"147",147,"avrate+position+weight+meanIAT","147",0.210401016045515,0.0137921816688756,1.2704547990473,1.01599926402317,1.58863835199145,0.239374945850662,0.0358031377146959,"4",30
"155",155,"avrate+position+height+weight+meanIAT","155",0.210385803552317,0.0138074861992487,1.26864553831035,1.0141212930051,1.58705029958055,0.237949826081633,0.0372787072696533,"5",31
"64",64,"age","64",0.213169961493469,0.0160515835934165,1.06358950115968,1.04723224908312,1.08020224545943,0.0616495092959672,6.38240272386334e-15,"1",32
"192",192,"age+meanIAT","192",0.213460092570077,0.0161352404322968,1.06354992649866,1.04719117624852,1.08016422579832,0.0616123000180883,6.67792846920093e-15,"2",33
"80",80,"weight+age","80",0.213430340112683,0.0170830998765336,1.01035549943177,1.00120935033841,1.01958519952594,0.0103022485582863,0.026387581035247,"2",34
"208",208,"weight+age+meanIAT","208",0.213746275956683,0.0171757094292421,1.01039243287525,1.00124477452324,1.01962366684778,0.0103388027894136,0.025877131683177,"3",35
"72",72,"height+age","72",0.213594542880443,0.017236436530701,1.01125868415135,1.00169708869422,1.02091154882422,0.0111957768952033,0.0208996548886591,"2",36
"88",88,"height+weight+age","88",0.213571193314465,0.0173028149613662,1.00722873752785,0.991826987300644,1.02286965639344,0.0072027354377247,0.359593532288703,"3",37
"65",65,"avrate+age","65",0.213890148467301,0.0173300220502156,1.24398773990131,0.996353100619205,1.55316975082733,0.218322138883624,0.0538919117108943,"2",38
"200",200,"height+age+meanIAT","200",0.213925527105979,0.0173351430917067,1.01132417518425,1.00175930389809,1.02098037256278,0.0112605366973687,0.0202057841251413,"3",39
"216",216,"height+weight+age+meanIAT","216",0.213900465865607,0.0174005734108166,1.00731633773439,0.991909394497015,1.022962591035,0.00728970316822506,0.353943203910569,"4",40
"193",193,"avrate+age+meanIAT","193",0.214214182709713,0.017430523919469,1.24624857025289,0.998018184126706,1.55621963964154,0.220137895053846,0.0520815071756862,"3",41
"81",81,"avrate+weight+age","81",0.214107013825694,0.0183524113129782,1.24906496761345,1.00119649349868,1.55829879893728,0.222395245493996,0.0487743036673254,"3",42
"209",209,"avrate+weight+age+meanIAT","209",0.214453063985051,0.0184611295399071,1.25156648150965,1.00305890000396,1.56164175167806,0.224395951940765,0.0469214031719509,"4",43
"73",73,"avrate+height+age","73",0.214338474528267,0.0186274960608625,1.26380111691868,1.01283171341077,1.57695818760085,0.234123939134862,0.038186370144071,"3",44
"89",89,"avrate+height+weight+age","89",0.21429993934982,0.0186600678708348,1.26013177932088,1.00968372623141,1.57270248098507,0.231216302257172,0.0408342899923913,"4",45
"201",201,"avrate+height+age+meanIAT","201",0.214698581513357,0.0187434172358112,1.26663946006666,1.01495736618506,1.58073193539978,0.236367298938817,0.0364990883485077,"4",46
"217",217,"avrate+height+weight+age+meanIAT","217",0.214659324495472,0.0187752171114431,1.26296483501585,1.01179924385607,1.57647891533068,0.23346200055466,0.0390508138880984,"5",47
"4",4,"yellowCards","4",0.170324853807868,0.0240295942011697,1.43516013038031,1.38210717394872,1.49024955419965,0.361276432101179,7.75777998988418e-79,"1",48
"132",132,"yellowCards+meanIAT","132",0.170521083146925,0.0240472068215256,1.43507654569035,1.38202090574307,1.49016898617988,0.36121818973345,8.54294368394794e-79,"2",49
"5",5,"avrate+yellowCards","5",0.170303742751893,0.0253483345765002,1.2694732699916,1.0242686252249,1.57337864651407,0.238602066400636,0.029336027579497,"2",50
"133",133,"avrate+yellowCards+meanIAT","133",0.170520219177091,0.0253720031492651,1.27186964059363,1.02601120209274,1.57664202823931,0.240487975856063,0.0282166253993896,"3",51
"66",66,"position+age","66",0.214504693905997,0.0256613954113168,1.54187677972532,1.32541187587886,1.7936945089463,0.433000362561261,2.02322168749225e-08,"2",52
"194",194,"position+age+meanIAT","194",0.214791993887655,0.0257407274660609,1.54181980102252,1.32538503834582,1.79359826016451,0.43296340775633,2.02157670799322e-08,"3",53
"74",74,"position+height+age","74",0.214662601977978,0.0258797043517916,1.50213630846055,1.28121841560578,1.76114662551789,0.406888300529586,5.35275487591286e-07,"3",54
"82",82,"position+weight+age","82",0.214662329578206,0.0259463637130208,1.50106275047972,1.28210210888739,1.75741804436549,0.406173357560114,4.441665343257e-07,"3",55
"90",90,"position+height+weight+age","90",0.214684159403836,0.0259585848449461,1.4963316154342,1.27568404702317,1.75514329631439,0.403016523058538,7.37258383723414e-07,"4",56
"202",202,"position+height+age+meanIAT","202",0.214967456543546,0.0259644388366606,1.50163236134775,1.28080664188754,1.76053096142892,0.406552757301775,5.45641010375508e-07,"4",57
"210",210,"position+weight+age+meanIAT","210",0.214960614263199,0.0260286654040748,1.50079577645676,1.28189502690593,1.75707676163388,0.405995485071274,4.48107290364049e-07,"4",58
"218",218,"position+height+weight+age+meanIAT","218",0.214986805937182,0.0260420897644681,1.49586951707013,1.27530833827776,1.75457616400549,0.402707654538487,7.50060689235247e-07,"5",59
"67",67,"avrate+position+age","67",0.215338873939517,0.027112464040758,1.27701465873888,1.02180092946084,1.59597274930496,0.244525056028279,0.0315907765594824,"3",60
"195",195,"avrate+position+age+meanIAT","195",0.21566503855932,0.0272092060675221,1.27967286817897,1.02375625595898,1.59956302100389,0.246604473532321,0.0302957937689612,"4",61
"12",12,"yellowCards+height","12",0.171196959077544,0.0272654625095414,1.44049980414953,1.38723376400525,1.4958111167679,0.364990139582372,2.22202999650199e-80,"2",62
"140",140,"yellowCards+height+meanIAT","140",0.171444882681164,0.0272939550725206,1.440417914568,1.38714781466803,1.49573372546815,0.364933289932679,2.46874888746584e-80,"3",63
"75",75,"avrate+position+height+age","75",0.215486888701843,0.0273520834837087,1.28177260815609,1.02588543854152,1.60148585533586,0.248243970032916,0.0288966819311357,"4",64
"83",83,"avrate+position+weight+age","83",0.215445944196685,0.0273643433469063,1.27515324842141,1.02063133598915,1.59314705479213,0.24306636622789,0.0323761593412665,"4",65
"91",91,"avrate+position+height+weight+age","91",0.215484724902089,0.0273959867336289,1.27823655942775,1.02280925964791,1.59745200431617,0.245481440099884,0.0309085693859137,"5",66
"203",203,"avrate+position+height+age+meanIAT","203",0.21582794499404,0.0274539959786894,1.28468704965059,1.02804651998973,1.60539507060091,0.250515147558279,0.0275784018146588,"5",67
"211",211,"avrate+position+weight+age+meanIAT","211",0.215780147362042,0.0274632751371286,1.27788485315565,1.02265041667549,1.59682103610076,0.24520625264393,0.0310065784166775,"5",68
"219",219,"avrate+position+height+weight+age+meanIAT","219",0.215824255439304,0.0274968211233511,1.2811483435346,1.02496179185867,1.60136806189139,0.247756819125334,0.0295131855718705,"6",69
"20",20,"yellowCards+weight","20",0.171577715058188,0.0276165939896751,1.43836679396601,1.38523360386516,1.49353800558352,0.363508299072479,6.63007743249674e-80,"2",70
"148",148,"yellowCards+weight+meanIAT","148",0.171813526115588,0.0276447473519923,1.43827778890056,1.38514153181966,1.49345243826969,0.363446417903002,7.3635632679479e-80,"3",71
"28",28,"yellowCards+height+weight","28",0.171563274596829,0.0278916193922861,1.43979340205926,1.38655825494481,1.49507244518614,0.364499632502809,3.49360823712325e-80,"3",72
"156",156,"yellowCards+height+weight+meanIAT","156",0.17180874589557,0.0279209725098385,1.43971575756455,1.38647658919203,1.49499925115042,0.364445703523654,3.86448389459625e-80,"4",73
"13",13,"avrate+yellowCards+height","13",0.171149578880207,0.0288068680488667,1.30124380859126,1.05156421170343,1.61020642444099,0.263320582888659,0.0154131114220726,"3",74
"141",141,"avrate+yellowCards+height+meanIAT","141",0.171403639194914,0.0288424394086755,1.30460016772746,1.05408258941634,1.61465677805847,0.265896608946046,0.0145209119529968,"4",75
"21",21,"avrate+yellowCards+weight","21",0.171499492517744,0.0289403856616636,1.27872554838087,1.03346983720643,1.58218360054117,0.245863916600099,0.0236366529657899,"3",76
"149",149,"avrate+yellowCards+weight+meanIAT","149",0.171747163155256,0.0289751982945172,1.28157706909584,1.03558676363403,1.58599920519331,0.248091404768517,0.0225162149990411,"4",77
"29",29,"avrate+yellowCards+height+weight","29",0.171477622813635,0.0293272058964886,1.29201201384808,1.04395540717807,1.59900991215715,0.256200703961206,0.0185002708447376,"4",78
"157",157,"avrate+yellowCards+height+weight+meanIAT","157",0.171730973585316,0.0293636518008771,1.29528749661869,1.04640032554634,1.60337268436984,0.258732675622969,0.0174739681001027,"5",79
"512",512,"victories","512",0.199403309964009,0.0324930012585459,1.20270977595149,1.18245008605388,1.22331658835311,0.184577157638879,1.27280405243443e-100,"1",80
"640",640,"meanIAT+victories","640",0.199266299078109,0.0326007521468041,4.21932903154365,0.30874454696909,57.6617065829812,1.43967611814198,0.280550613785912,"2",81
"513",513,"avrate+victories","513",0.199770365213472,0.0339582020686506,1.29949631111825,1.03513938001541,1.63136549068859,0.261976736402224,0.0239719936723238,"2",82
"641",641,"avrate+meanIAT+victories","641",0.199534106962376,0.0340747311499512,1.30656039726051,1.04064201365426,1.6404297052115,0.267398033199752,0.0212740474700943,"3",83
"520",520,"height+victories","520",0.200049618441679,0.0347018185010345,1.01524117602056,1.00542458043539,1.02515361723229,0.0151261961114415,0.00227889699346978,"2",84
"648",648,"height+meanIAT+victories","648",0.199850254202146,0.0348302739175492,1.01543587810398,1.00561666078011,1.02535097393962,0.0153179568679066,0.00200359052395733,"3",85
"528",528,"weight+victories","528",0.200088380527039,0.0349135620934945,1.01521446279893,1.00587361193082,1.0246420556731,0.0150998835724075,0.0013659554230312,"2",86
"656",656,"weight+meanIAT+victories","656",0.199930211694534,0.0350369833039622,1.01531458862831,1.00597248163159,1.02474345243472,0.0151985040076986,0.00127057154886616,"3",87
"536",536,"height+weight+victories","536",0.200157542422734,0.0351014050966766,1.0070669448423,0.991334954900091,1.02304859359691,0.00704209101265681,0.380694655741605,"3",88
"68",68,"yellowCards+age","68",0.177145130698268,0.0351555954581483,1.413111695092,1.360580306242,1.46767129705214,0.345794148767916,1.39778167641511e-71,"2",89
"196",196,"yellowCards+age+meanIAT","196",0.177301772670643,0.0351786982605361,1.41306386585108,1.36052940311737,1.46762685495724,0.345760301443223,1.48665053183457e-71,"3",90
"664",664,"height+weight+meanIAT+victories","664",0.199978460987344,0.0352285499005512,1.00735611439974,0.991616225944887,1.0233458415342,0.00732919014816335,0.361685359629462,"4",91
"6",6,"position+yellowCards","6",0.172730048664817,0.0358749008159169,1.60166042026044,1.38315260439059,1.85468768499274,0.471040853805091,3.08739445958639e-10,"2",92
"134",134,"position+yellowCards+meanIAT","134",0.172941494659281,0.0358942366697013,1.60156198796437,1.38309269270141,1.85454005709662,0.470979395508688,3.08824461694221e-10,"3",93
"14",14,"position+yellowCards+height","14",0.172923356247526,0.0362300627402103,1.55908614715788,1.33691917301073,1.81817245449893,0.444099846507845,1.49680690883566e-08,"3",94
"142",142,"position+yellowCards+height+meanIAT","142",0.173151749236403,0.0362532500489173,1.55847935597608,1.33641925346384,1.817437078004,0.443710574052234,1.53568720172812e-08,"4",95
"521",521,"avrate+height+victories","521",0.200444983046009,0.0363672234288494,1.32922234924804,1.06000512261779,1.66681463706244,0.284594071416564,0.0137157753041152,"3",96
"529",529,"avrate+weight+victories","529",0.200431633058601,0.0363954343896413,1.30879626595586,1.0439471995706,1.64083745469556,0.269107833833436,0.0196590859676254,"3",97
"649",649,"avrate+height+meanIAT+victories","649",0.200117437379394,0.0365030168496989,1.33745302428625,1.06646217295305,1.67730336578116,0.290767077142263,0.0118369013243675,"4",98
"30",30,"position+yellowCards+height+weight","30",0.173218620927189,0.0365228950164078,1.54909921875009,1.32769265706018,1.80742762775056,0.437673612805017,2.66783792581435e-08,"4",99
"22",22,"position+yellowCards+weight","22",0.173224752480602,0.0365233164172406,1.55029049283519,1.33084272005104,1.80592385258193,0.438442328103589,1.80042092326684e-08,"3",100
"657",657,"avrate+weight+meanIAT+victories","657",0.200162183146173,0.0365256197664716,1.31626712177414,1.04979209261413,1.65038310733438,0.274799792376992,0.0172662776530586,"4",101
"158",158,"position+yellowCards+height+weight+meanIAT","158",0.173443777893397,0.0365459910336965,1.54854753107108,1.3272402829143,1.80675608392544,0.437317414871944,2.72923342175991e-08,"5",102
"150",150,"position+yellowCards+weight+meanIAT","150",0.173450405849551,0.0365465590078201,1.54994692824194,1.33057120562451,1.80549185959505,0.438220690501049,1.82349906935167e-08,"4",103
"537",537,"avrate+height+weight+victories","537",0.200527173142468,0.0366803599191183,1.32092062190249,1.05322076020304,1.6566624541572,0.278328934334667,0.0160091096031328,"4",104
"665",665,"avrate+height+weight+meanIAT+victories","665",0.200223235009694,0.0368151536035757,1.32914035436885,1.05965732447925,1.6671560143086,0.284532383160775,0.0138476938355268,"5",105
"69",69,"avrate+yellowCards+age","69",0.177719058735524,0.0369441108359151,1.29388913504065,1.04388126224185,1.60377348874032,0.257652516241878,0.0186729299514321,"3",106
"197",197,"avrate+yellowCards+age+meanIAT","197",0.177919781527082,0.036981810399066,1.29598303446348,1.0453571795903,1.60669679073274,0.259269507152639,0.0180539472147666,"4",107
"84",84,"yellowCards+weight+age","84",0.177363216143125,0.0370234703956278,1.417215227212,1.36450983839349,1.47195640788218,0.34869383852668,1.07180104078852e-72,"3",108
"212",212,"yellowCards+weight+age+meanIAT","212",0.177554175414609,0.0370532225992904,1.41716745363925,1.36445815241929,1.47191292608964,0.348660128489511,1.14653676835402e-72,"4",109
"76",76,"yellowCards+height+age","76",0.177338336082465,0.0374037794512349,1.41874821875661,1.36595202880374,1.47358506432165,0.349774946744839,4.82138681803653e-73,"3",110
"204",204,"yellowCards+height+age+meanIAT","204",0.177549766600486,0.0374379904348344,1.41870542449936,1.36590429442328,1.47354766342084,0.349744782898917,5.16884676152379e-73,"4",111
"92",92,"yellowCards+height+weight+age","92",0.177379985875803,0.037507363938621,1.4187833493641,1.36598967933486,1.47361742397129,0.349799708131026,4.59805722594594e-73,"4",112
"220",220,"yellowCards+height+weight+age+meanIAT","220",0.177589163308298,0.0375410454503636,1.41874109558825,1.36594256270085,1.47358047935122,0.349769925990525,4.92471989290479e-73,"5",113
"7",7,"avrate+position+yellowCards","7",0.172978901698467,0.0378399367518174,1.33967075776916,1.08037755152658,1.66119495604648,0.292423880615512,0.00771339424485589,"3",114
"135",135,"avrate+position+yellowCards+meanIAT","135",0.173213748945664,0.0378674875664476,1.34279675697889,1.0826736371204,1.66541704603501,0.294754571002338,0.00729628597948801,"4",115
"516",516,"yellowCards+victories","516",0.182273242652212,0.0378910390076964,1.22582542012376,1.17051984205171,1.28374411662062,0.203614429432999,5.41347814444674e-18,"2",116
"644",644,"yellowCards+meanIAT+victories","644",0.182311117729914,0.0379832286779691,1.22519499667027,1.16989766803491,1.28310605352969,0.203100012284068,6.73992936703836e-18,"3",117
"15",15,"avrate+position+yellowCards+height","15",0.173142434100384,0.0382435590003322,1.34534111417293,1.08536624892296,1.66758706130776,0.296647597384029,0.00677570469790259,"4",118
"143",143,"avrate+position+yellowCards+height+meanIAT","143",0.173388718326856,0.0382756410955248,1.34881846229097,1.08794776370081,1.67224135654118,0.299228996109922,0.00636001528951109,"5",119
"23",23,"avrate+position+yellowCards+weight","23",0.173399947141477,0.038444167385735,1.33717673726235,1.07884034869756,1.65737370578901,0.290560478809393,0.00798254936949233,"4",120
"31",31,"avrate+position+yellowCards+height+weight","31",0.173376429571294,0.0384536855325371,1.33917305124788,1.08010284958073,1.6603830476743,0.29205229752781,0.00775785909720925,"5",121
"151",151,"avrate+position+yellowCards+weight+meanIAT","151",0.173644802093062,0.0384757649514744,1.34042475313739,1.08124208808431,1.66173564516601,0.292986543688563,0.00753022181157115,"5",122
"159",159,"avrate+position+yellowCards+height+weight+meanIAT","159",0.173620561385322,0.0384854857698323,1.34261711108685,1.0826490671379,1.66500924602338,0.294620777180502,0.00729265240005315,"6",123
"85",85,"avrate+yellowCards+weight+age","85",0.177851416937122,0.0387819189872342,1.29938109438156,1.0496981428206,1.60845404937023,0.261888069859877,0.0161518987682206,"4",124
"213",213,"avrate+yellowCards+weight+age+meanIAT","213",0.17807904556349,0.0388265423720906,1.30185390476394,1.05148584562051,1.61183680827292,0.263789329167924,0.0154922124249493,"5",125
"77",77,"avrate+yellowCards+height+age","77",0.177886916047756,0.0393746545173049,1.32066811223876,1.06699877232668,1.63464505107254,0.278137754185204,0.0105917327163831,"4",126
"205",205,"avrate+yellowCards+height+age+meanIAT","205",0.178131502087697,0.0394258571120395,1.32364352880686,1.06918330201785,1.6386640046152,0.28038818320246,0.0100503718904664,"5",127
"93",93,"avrate+yellowCards+height+weight+age","93",0.177901268845922,0.0394282470383782,1.31659149730572,1.06347244257488,1.62995588920084,0.275046197961307,0.0115735168531457,"5",128
"221",221,"avrate+yellowCards+height+weight+age+meanIAT","221",0.178144558213323,0.0394788545852362,1.31955066083807,1.06563654858138,1.63396605422006,0.277291270190164,0.0109914634875297,"6",129
"517",517,"avrate+yellowCards+victories","517",0.182497652527996,0.0395402570496432,1.31132050013986,1.05141743023775,1.63546979975235,0.271034644880661,0.016179565757681,"3",130
"645",645,"avrate+yellowCards+meanIAT+victories","645",0.182457183318103,0.0396507478211547,1.31771982420285,1.05636049528668,1.64374334599286,0.275902837005384,0.0144425169981605,"4",131
"576",576,"age+victories","576",0.203888106344392,0.0406213167284826,1.04188830167919,1.02520316884017,1.05884498426203,0.0410347415000337,6.29802023564327e-07,"2",132
"704",704,"age+meanIAT+victories","704",0.203834226873781,0.0407425571320815,1.04172148008544,1.02503484729416,1.05867975604538,0.0408746140178443,7.00748562539861e-07,"3",133
"524",524,"yellowCards+height+victories","524",0.182705026063208,0.0408445132373429,1.23151432293918,1.17604046374364,1.28960488551264,0.208244568993306,8.34678273009418e-19,"3",134
"532",532,"yellowCards+weight+victories","532",0.182930509208673,0.0408922575598724,1.22996284905317,1.17457815979001,1.28795908338823,0.20698396490636,1.31063707283137e-18,"3",135
"652",652,"yellowCards+height+meanIAT+victories","652",0.182699679178815,0.0409609974163268,1.23086815381215,1.17540628195588,1.28894700949522,0.207719736520721,1.0450717786983e-18,"4",136
"660",660,"yellowCards+weight+meanIAT+victories","660",0.182958659630778,0.0410017459823509,1.22931645201922,1.17394221894315,1.28730265835879,0.206458284843465,1.64304921153364e-18,"4",137
"540",540,"yellowCards+height+weight+victories","540",0.182904160167808,0.0412427662582314,1.23133770706652,1.17588021410118,1.28941071604201,0.208101145132831,8.70790308692739e-19,"4",138
"668",668,"yellowCards+height+weight+meanIAT+victories","668",0.182911278638561,0.0413576629720033,1.23070390435936,1.17525813970653,1.28876546269537,0.207586285661557,1.08558445743339e-18,"5",139
"592",592,"weight+age+victories","592",0.203932916329185,0.0418201781447501,1.01201756587455,1.00260570962843,1.02151777493688,0.0119459282981826,0.0122160758025736,"3",140
"720",720,"weight+age+meanIAT+victories","720",0.20385653298954,0.0419487752322534,1.01212280321264,1.00270864479352,1.02162534860161,0.0120499105513839,0.0114944834148969,"4",141
"584",584,"height+age+victories","584",0.204106501015049,0.0421112819253967,1.01338611616168,1.00355703330856,1.02331146745449,0.0132973137109222,0.00749554371210768,"3",142
"600",600,"height+weight+age+victories","600",0.204065214337664,0.0421574900324898,1.00925973248288,0.993440735517568,1.02533062234531,0.00921712398693176,0.252825176438324,"4",143
"712",712,"height+age+meanIAT+victories","712",0.204000987985795,0.0422487969282941,1.01357257104534,1.00373979222819,1.02350167317259,0.0134812887325732,0.00671900233169982,"4",144
"728",728,"height+weight+age+meanIAT+victories","728",0.203967687691766,0.0422939897646343,1.00951983867451,0.993693019649716,1.02559873575107,0.00947481055835024,0.239913331218313,"5",145
"577",577,"avrate+age+victories","577",0.204688129999172,0.0424723892748607,1.31866361127829,1.05022589999299,1.65571399421887,0.276618808061076,0.0172214682453101,"3",146
"533",533,"avrate+yellowCards+weight+victories","533",0.183113590895117,0.0425470973746027,1.3204244705518,1.06049965320645,1.64405596660068,0.27795325350603,0.0129495252201011,"4",147
"705",705,"avrate+age+meanIAT+victories","705",0.20455463116618,0.0426147303923271,1.32542138796942,1.05545883046707,1.66443427727955,0.281730437533957,0.0153313620400272,"4",148
"661",661,"avrate+yellowCards+weight+meanIAT+victories","661",0.183051047026747,0.0426737743963023,1.32726650923326,1.06581476342043,1.65285417972517,0.283121571080694,0.0114253008711054,"5",149
"525",525,"avrate+yellowCards+height+victories","525",0.182924078669983,0.0427374350066204,1.34424996244011,1.07962728163617,1.67373314129457,0.295836208766499,0.00817013535528389,"4",150
"653",653,"avrate+yellowCards+height+meanIAT+victories","653",0.182809720825756,0.0428733507532287,1.35189738685871,1.08559363746578,1.68352731770042,0.301509077446571,0.00706663002441107,"5",151
"541",541,"avrate+yellowCards+height+weight+victories","541",0.183089915427421,0.0430399592484762,1.33606967553293,1.0728622045754,1.66385037171213,0.289732226099574,0.00964687625968222,"5",152
"669",669,"avrate+yellowCards+height+weight+meanIAT+victories","669",0.182991439938263,0.0431740981929035,1.34368832684229,1.07879483147303,1.67362529650513,0.295418315537159,0.00836505092451139,"6",153
"593",593,"avrate+weight+age+victories","593",0.204679133685461,0.0436514496404065,1.32453878223178,1.05602437051136,1.66132812331453,0.281064309959511,0.0150342148292547,"4",154
"721",721,"avrate+weight+age+meanIAT+victories","721",0.204512106716413,0.0437985781594388,1.33164896166746,1.06155680655362,1.6704607291503,0.286417995093127,0.0132690296465966,"5",155
"514",514,"position+victories","514",0.201250026794888,0.0439158054019627,1.61910625973171,1.38616188294007,1.89119691759389,0.481874305482894,1.20106537517677e-09,"2",156
"642",642,"position+meanIAT+victories","642",0.201089321391969,0.0440457041965076,1.6188840152041,1.38605877610991,1.89081841250543,0.481737032354141,1.19561111840646e-09,"3",157
"585",585,"avrate+height+age+victories","585",0.204920609295328,0.0441198940017845,1.34398127939104,1.07144644915766,1.68583850436354,0.295636312979424,0.010564363817914,"4",158
"601",601,"avrate+height+weight+age+victories","601",0.204869191842769,0.0441279246651168,1.34001957928805,1.06804112015471,1.68125780832784,0.292684225265068,0.0114493375347495,"5",159
"70",70,"position+yellowCards+age","70",0.178659489430687,0.0441380318521948,1.54870029683344,1.33695209641371,1.79398545082186,0.437416061006169,5.50397085549134e-09,"3",160
"198",198,"position+yellowCards+age+meanIAT","198",0.178829819325797,0.0441614388962641,1.54869112834883,1.33696181680033,1.79395116665817,0.437410140873163,5.48933315117196e-09,"4",161
"522",522,"position+height+victories","522",0.201355201708275,0.044209287094813,1.57008264398619,1.3340323601935,1.84790083247238,0.451128257456457,5.72753336087955e-08,"3",162
"713",713,"avrate+height+age+meanIAT+victories","713",0.20471006055683,0.0442777726362651,1.3518234224235,1.07756493502943,1.69588532997584,0.301454364374888,0.00916917253389368,"5",163
"729",729,"avrate+height+weight+age+meanIAT+victories","729",0.204667870509308,0.0442854655217976,1.34791459133856,1.07419249916531,1.6913856193887,0.298558650941689,0.00993924471433238,"6",164
"650",650,"position+height+meanIAT+victories","650",0.201167175961569,0.0443446128247661,1.56836491117172,1.3326671790247,1.84574853595092,0.450033618813754,6.08486152626028e-08,"4",165
"86",86,"position+yellowCards+weight+age","86",0.178858758301253,0.0444559063531852,1.51233835891418,1.29790121802167,1.76220445753911,0.413657035072453,1.14409977853538e-07,"4",166
"538",538,"position+height+weight+victories","538",0.201474312110826,0.0444665718689023,1.55838628055666,1.32339450682803,1.83510494179707,0.443650850323146,1.03832408065577e-07,"4",167
"530",530,"position+weight+victories","530",0.201476429231602,0.0444676133344578,1.55974325493124,1.32678052268399,1.83361074398508,0.444521227544361,7.21059665806599e-08,"3",168
"78",78,"position+yellowCards+height+age","78",0.178780262261096,0.0444749859173216,1.50610486901168,1.29090360055152,1.75718146226533,0.409526761091262,1.93129159630006e-07,"4",169
"214",214,"position+yellowCards+weight+age+meanIAT","214",0.179040008325617,0.0444815965197008,1.51215125035006,1.29775782879242,1.76196309758575,0.413533306054651,1.15118441432601e-07,"5",170
"206",206,"position+yellowCards+height+age+meanIAT","206",0.178970071811651,0.0445025373511763,1.50572172071058,1.29059041305696,1.75671373139168,0.409272331899037,1.96101405048384e-07,"5",171
"94",94,"position+yellowCards+height+weight+age","94",0.178836551522709,0.0445160747399599,1.50290354976654,1.28759926848536,1.75420966381711,0.407398936899721,2.41458544163997e-07,"5",172
"222",222,"position+yellowCards+height+weight+age+meanIAT","222",0.179024732265556,0.0445431796466935,1.50255075135626,1.28731281016256,1.75377634913473,0.407164164797703,2.44792928104339e-07,"6",173
"666",666,"position+height+weight+meanIAT+victories","666",0.20129926358939,0.0445990937753468,1.55686549867692,1.32219364862843,1.83318849208275,0.442674504198775,1.09382091347521e-07,"5",174
"658",658,"position+weight+meanIAT+victories","658",0.201304583903081,0.0446011572531935,1.55889205481219,1.32614371680582,1.83248950152241,0.443975347660602,7.39014150833022e-08,"4",175
"580",580,"yellowCards+age+victories","580",0.187040724978574,0.0453371365910095,1.22106376404748,1.16608307180334,1.27863679005645,0.199722416572112,1.95492869798739e-17,"3",176
"708",708,"yellowCards+age+meanIAT+victories","708",0.187126380690142,0.0454356567459017,1.22051121249751,1.16553611159074,1.27807933621126,0.199269797615326,2.3681884453719e-17,"4",177
"515",515,"avrate+position+victories","515",0.201913081205215,0.0458639659366133,1.36113181952387,1.08336595205572,1.71011450618771,0.308316573882846,0.00810746148919864,"3",178
"643",643,"avrate+position+meanIAT+victories","643",0.201635011728073,0.0460062507293195,1.36943190801587,1.08983101154069,1.72076563323412,0.314395988160598,0.00697083258221771,"4",179
"523",523,"avrate+position+height+victories","523",0.201993614161921,0.0461962229793958,1.36770140210974,1.08906350638454,1.71762905869738,0.313131522063681,0.00706026712811709,"4",180
"71",71,"avrate+position+yellowCards+age","71",0.179383148675822,0.0462383181508075,1.3404777321513,1.0804303739753,1.66311554513421,0.293026066956721,0.00774470371242731,"4",181
"199",199,"avrate+position+yellowCards+age+meanIAT","199",0.179599495428885,0.0462766843954485,1.34316851359278,1.08235325550631,1.66683256758268,0.295031385166942,0.007397378992131,"5",182
"651",651,"avrate+position+height+meanIAT+victories","651",0.201674498372715,0.0463427711633251,1.37650805455317,1.09595137063823,1.72888549164944,0.319549897056831,0.00599899626808323,"5",183
"531",531,"avrate+position+weight+victories","531",0.202075261912651,0.0463695861600719,1.3583679828394,1.08175034970201,1.70572034232433,0.306283966538193,0.00838039936816189,"4",184
"539",539,"avrate+position+height+weight+victories","539",0.202071668662894,0.0463761425423993,1.36055955922342,1.08311607302011,1.70907104077281,0.307896055734941,0.00814133792093281,"5",185
"659",659,"avrate+position+weight+meanIAT+victories","659",0.201781386063663,0.0465140300271955,1.36673738481503,1.08828447100358,1.71643639950908,0.312426428690035,0.00719248412631295,"5",186
"87",87,"avrate+position+yellowCards+weight+age","87",0.179519950312825,0.0465187801753383,1.3385240332891,1.07920320795265,1.66015684024092,0.291567539206767,0.00796123087021347,"5",187
"667",667,"avrate+position+height+weight+meanIAT+victories","667",0.201767850436982,0.0465202470887437,1.36939513721446,1.09001496097865,1.72038284698675,0.314369136664824,0.00692734143509935,"6",188
"215",215,"avrate+position+yellowCards+weight+age+meanIAT","215",0.179743675684148,0.0465593622259875,1.34130900381337,1.08120828734394,1.66398081181051,0.293646005654717,0.00758803584435457,"6",189
"79",79,"avrate+position+yellowCards+height+age","79",0.179474148721659,0.0466173027040851,1.34604650201308,1.08536402972162,1.66933962796461,0.29717177892671,0.00681349352534371,"5",190
"95",95,"avrate+position+yellowCards+height+weight+age","95",0.179498826576595,0.0466308365352031,1.34441734883896,1.08375709824539,1.66777039872262,0.29596072130724,0.00711496637622929,"6",191
"207",207,"avrate+position+yellowCards+height+age+meanIAT","207",0.179705144522513,0.0466608554002282,1.34908506322154,1.08756754954369,1.67348732368034,0.299426631739893,0.00645966042400187,"6",192
"223",223,"avrate+position+yellowCards+height+weight+age+meanIAT","223",0.179728657803164,0.0466739819866546,1.34747314032075,1.08596680222997,1.67195153678499,0.29823109063074,0.00674607307187832,"7",193
"596",596,"yellowCards+weight+age+victories","596",0.18695780025342,0.0470402875640601,1.2249766656989,1.16987933060716,1.28266889776403,0.202921795406208,5.51922347407091e-18,"4",194
"724",724,"yellowCards+weight+age+meanIAT+victories","724",0.187031867601391,0.0471485758315126,1.22441324566471,1.16932353717589,1.28209836584662,0.202461746116781,6.7151289518613e-18,"5",195
"581",581,"avrate+yellowCards+age+victories","581",0.187722209711108,0.0473494409740246,1.32883932972951,1.0650453636086,1.65797065981587,0.284305876809033,0.0117985655826013,"4",196
"709",709,"avrate+yellowCards+age+meanIAT+victories","709",0.187751268308277,0.0474762360763517,1.33488067782432,1.0696790866151,1.66583272153836,0.288841907950711,0.010587128008673,"5",197
"588",588,"yellowCards+height+age+victories","588",0.186969612474175,0.0475047224823982,1.2265188240774,1.1713501390869,1.28428586433505,0.204179932399198,3.45747045424865e-18,"4",198
"604",604,"yellowCards+height+weight+age+victories","604",0.186968692553708,0.0475670162522123,1.22653880628819,1.1713722204137,1.28430350072631,0.204196224075797,3.42179893415299e-18,"5",199
"716",716,"yellowCards+height+age+meanIAT+victories","716",0.187021066295964,0.0476234603708768,1.22595408218452,1.17079453257311,1.28371235926577,0.20371938345579,4.20425692728987e-18,"5",200
"732",732,"yellowCards+height+weight+age+meanIAT+victories","732",0.187024937620151,0.0476845149045109,1.22597828529623,1.17082073520917,1.28373431629512,0.203739125527011,4.15513808130864e-18,"6",201
"597",597,"avrate+yellowCards+weight+age+victories","597",0.187562933303809,0.0490230949567839,1.33476496034067,1.07131952635936,1.66299358456351,0.288755216681981,0.0100504419759039,"5",202
"725",725,"avrate+yellowCards+weight+age+meanIAT+victories","725",0.187568148711014,0.0491579764309228,1.34120481702911,1.07629084371475,1.67132366843664,0.293568327184991,0.00892762951042365,"6",203
"518",518,"position+yellowCards+victories","518",0.184668422555901,0.0493415613047255,1.61054668396333,1.38451937981295,1.87347368266937,0.47657367661726,6.53926432822962e-10,"3",204
"646",646,"position+yellowCards+meanIAT+victories","646",0.184694588557364,0.0494533632873603,1.61044357755616,1.38448715203496,1.87327741733091,0.476509655059393,6.50479548820351e-10,"4",205
"589",589,"avrate+yellowCards+height+age+victories","589",0.187630037757711,0.0497162719614528,1.35754173352069,1.08974491150778,1.69114766106179,0.305675515278403,0.00639975513272237,"5",206
"526",526,"position+yellowCards+height+victories","526",0.184764825309717,0.0497265674456324,1.56080465406932,1.33212968443995,1.82873424158297,0.445201492170936,3.63097279274655e-08,"4",207
"605",605,"avrate+yellowCards+height+weight+age+victories","605",0.18761153160316,0.0497341674779109,1.35353744838553,1.08627512924923,1.68655580418952,0.302721497502939,0.00698982164526824,"6",208
"654",654,"position+yellowCards+height+meanIAT+victories","654",0.18477303864872,0.0498474952618173,1.55941773070303,1.33100828522054,1.82702368259718,0.444312502037152,3.82932605631614e-08,"5",209
"717",717,"avrate+yellowCards+height+age+meanIAT+victories","717",0.187597571273498,0.0498650000058119,1.36475724792444,1.09533967001696,1.70044269987358,0.310976572473054,0.00557857224273073,"6",210
"733",733,"avrate+yellowCards+height+weight+age+meanIAT+victories","733",0.187585085392096,0.0498820598941469,1.36078957941862,1.09189027220403,1.69591059339366,0.308065104382525,0.00609547292526324,"7",211
"534",534,"position+yellowCards+weight+victories","534",0.184977787347405,0.0498965480961642,1.55651532766108,1.32988514437231,1.82176631981807,0.442449558368596,3.56918031198303e-08,"4",212
"542",542,"position+yellowCards+height+weight+victories","542",0.184952186352411,0.0499087914788465,1.55178543665721,1.32372362115865,1.81913958694311,0.43940616262713,6.0293444687345e-08,"5",213
"662",662,"position+yellowCards+weight+meanIAT+victories","662",0.18499886923757,0.0500143300611379,1.55583834597492,1.32936275715882,1.8208972274652,0.442014529597562,3.6500318459748e-08,"5",214
"670",670,"position+yellowCards+height+weight+meanIAT+victories","670",0.184965235222373,0.0500275424971746,1.5505475244447,1.32272802171787,1.81760542310063,0.438608110133262,6.31508015453128e-08,"6",215
"578",578,"position+age+victories","578",0.20527303301973,0.0502821095348058,1.5731395686855,1.34620536757913,1.83832880343831,0.453073347848586,1.19621712831635e-08,"3",216
"706",706,"position+age+meanIAT+victories","706",0.205185917354005,0.0504152045840852,1.57322430824377,1.34635045645527,1.83832872947915,0.453127212920531,1.17775368594337e-08,"4",217
"586",586,"position+height+age+victories","586",0.205317916254272,0.05055390284547,1.52461247514053,1.29471971050301,1.79532541329047,0.421740263104827,4.25232470760946e-07,"4",218
"594",594,"position+weight+age+victories","594",0.205299581818207,0.0505594978494916,1.52737074788337,1.29881059004375,1.79615212516186,0.423547791713115,3.03620784331247e-07,"4",219
"602",602,"position+height+weight+age+victories","602",0.205315507435468,0.0505987363664749,1.51917622915523,1.28950803245832,1.78974954567017,0.418168233444625,5.72262998388517e-07,"5",220
"714",714,"position+height+age+meanIAT+victories","714",0.205206229766562,0.0506926753877679,1.52336755465694,1.29374498503534,1.79374508378718,0.420923380749529,4.43026857118429e-07,"5",221
"722",722,"position+weight+age+meanIAT+victories","722",0.205202052581704,0.0506939789548591,1.52684615835908,1.29844055333087,1.79543005285497,0.423204273524621,3.07352767732341e-07,"5",222
"730",730,"position+height+weight+age+meanIAT+victories","730",0.205209354540621,0.0507358298223938,1.51805909715307,1.28864038892203,1.78832158471842,0.417432609146528,5.93072940627793e-07,"6",223
"519",519,"avrate+position+yellowCards+victories","519",0.18521101938978,0.0515812185913386,1.37958185144889,1.10528751634809,1.72194660366339,0.321780447057002,0.00444033389761558,"4",224
"647",647,"avrate+position+yellowCards+meanIAT+victories","647",0.185144050345007,0.0517165745618883,1.38718701693878,1.11116849670741,1.73176959719927,0.327277967815495,0.003838034716984,"5",225
"527",527,"avrate+position+yellowCards+height+victories","527",0.185271289272803,0.052018842919491,1.38638938563897,1.11130678418157,1.72956338967004,0.326702803330349,0.00378887807359779,"5",226
"535",535,"avrate+position+yellowCards+weight+victories","535",0.185450013650922,0.0520867607094353,1.37676937104531,1.10357771449642,1.71758986807146,0.319739719186991,0.00460685739021833,"5",227
"543",543,"avrate+position+yellowCards+height+weight+victories","543",0.185406017754816,0.0521301408443005,1.38087316638302,1.10656609941215,1.72317831049553,0.322716028343407,0.00428783382792812,"6",228
"655",655,"avrate+position+yellowCards+height+meanIAT+victories","655",0.185172306381976,0.0521636416338783,1.39452101461407,1.11762720660606,1.74001567669937,0.332550997612645,0.00323273238164009,"6",229
"663",663,"avrate+position+yellowCards+weight+meanIAT+victories","663",0.185372804561871,0.0522269918158659,1.38445615634881,1.10953762798355,1.72749332741019,0.325307395629301,0.00397319721115858,"6",230
"671",671,"avrate+position+yellowCards+height+weight+meanIAT+victories","671",0.185312945829604,0.0522727994651743,1.38904176788483,1.11290624340097,1.73369234324032,0.328614133791535,0.0036614451681515,"7",231
"579",579,"avrate+position+age+victories","579",0.206261230723011,0.0523703886676382,1.3618781502376,1.083520364144,1.71174641240806,0.308864739876143,0.00810741824723657,"4",232
"707",707,"avrate+position+age+meanIAT+victories","707",0.206079830281357,0.0525248674074252,1.36974370272302,1.08961180438289,1.72189563622797,0.314623644034343,0.00703616703502399,"5",233
"595",595,"avrate+position+weight+age+victories","595",0.206229559727561,0.0526052818283352,1.35953149307231,1.08211932604292,1.70806105775261,0.307140150009505,0.00834583257749187,"5",234
"587",587,"avrate+position+height+age+victories","587",0.206281171755103,0.0526762693018514,1.36832009250639,1.08913204615262,1.71907518667791,0.31358377758025,0.00707535859805694,"5",235
"603",603,"avrate+position+height+weight+age+victories","603",0.206261568996122,0.0526875048280417,1.36502912521219,1.08622070788826,1.71540139047803,0.311175765561078,0.00759750996138971,"6",236
"723",723,"avrate+position+weight+age+meanIAT+victories","723",0.206033103742512,0.0527595806326675,1.36745637427483,1.08827194059271,1.71826256452632,0.312952352995131,0.00723160128766663,"6",237
"715",715,"avrate+position+height+age+meanIAT+victories","715",0.20606227426641,0.0528356476670513,1.37667986220696,1.09563455320959,1.72981715249319,0.319674703397119,0.00607091578175797,"6",238
"731",731,"avrate+position+height+weight+age+meanIAT+victories","731",0.206049106909851,0.0528459521983973,1.37346282433395,1.09277229902495,1.72625178320366,0.317335159811899,0.00651728184057155,"7",239
"582",582,"position+yellowCards+age+victories","582",0.188773213044914,0.0546320223623665,1.56938867130936,1.34830313219093,1.82672630718578,0.450686162200001,5.97259774335516e-09,"4",240
"710",710,"position+yellowCards+age+meanIAT+victories","710",0.18883512221508,0.0547422199386681,1.56952595369274,1.3484687397756,1.82682152478007,0.450773633443966,5.88451030128234e-09,"5",241
"598",598,"position+yellowCards+weight+age+victories","598",0.188870880744137,0.0549405538653317,1.52721962984347,1.30419308854931,1.78838533822749,0.423448846832564,1.461635990476e-07,"5",242
"590",590,"position+yellowCards+height+age+victories","590",0.18880623654941,0.0549977426514773,1.52000962106563,1.29640095272152,1.78218724946306,0.418716664486591,2.50405342828917e-07,"5",243
"606",606,"position+yellowCards+height+weight+age+victories","606",0.188844047528593,0.0550248876568545,1.51630480813114,1.29265356882925,1.7786515479503,0.416276327782692,3.17522439201903e-07,"6",244
"726",726,"position+yellowCards+weight+age+meanIAT+victories","726",0.188927996395086,0.0550542889217511,1.52681498710149,1.30389795260816,1.78784236923966,0.423183857862169,1.47763239263002e-07,"6",245
"718",718,"position+yellowCards+height+age+meanIAT+victories","718",0.188852827563742,0.0551168349189588,1.51901379465453,1.29560823589121,1.78094183444547,0.41806130497762,2.59460448665501e-07,"6",246
"734",734,"position+yellowCards+height+weight+age+meanIAT+victories","734",0.188892088162786,0.0551428603392809,1.51540562595464,1.29194263962373,1.77752025573193,0.415683143029452,3.27607496495273e-07,"7",247
"583",583,"avrate+position+yellowCards+age+victories","583",0.189638575304023,0.0569609376995114,1.37896942955498,1.10403283095368,1.72237331565999,0.321336430004873,0.00462154422432682,"5",248
"711",711,"avrate+position+yellowCards+age+meanIAT+victories","711",0.189629447984384,0.0571007917994375,1.38612781717008,1.10953418096627,1.73167294752417,0.326514116696124,0.00403705077009692,"6",249
"599",599,"avrate+position+yellowCards+weight+age+victories","599",0.189672704872566,0.0572256178710189,1.37662187413044,1.1026011221786,1.71874284019406,0.319632580824236,0.00476610437024173,"6",250
"727",727,"avrate+position+yellowCards+weight+age+meanIAT+victories","727",0.189653853255592,0.0573678406526951,1.38385188064089,1.10817322370654,1.72811072004431,0.324870828809827,0.00415513746228191,"7",251
"591",591,"avrate+position+yellowCards+height+age+victories","591",0.189635251791565,0.0573733654412646,1.38564547741274,1.10996237666862,1.72980042335939,0.326166079745804,0.00395549949290411,"6",252
"607",607,"avrate+position+yellowCards+height+weight+age+victories","607",0.189648006077402,0.0573758295672969,1.38370345487671,1.10808809122597,1.72787278033052,0.324763567529508,0.00416241122846976,"7",253
"719",719,"avrate+position+yellowCards+height+age+meanIAT+victories","719",0.189597770668105,0.0575226918884361,1.3933191008548,1.11589211104301,1.73971847062553,0.331688743118873,0.00341244921862617,"7",254
"735",735,"avrate+position+yellowCards+height+weight+age+meanIAT+victories","735",0.189612113773551,0.0575246841613019,1.39145581759283,1.11407207792903,1.73790307707207,0.330350549839636,0.00358843588720727,"8",255
