"","rownumber","covariates.formula","covariates.rownumber","R2c","R2m","Avrate_OR","Avrate_LCI","Avrate_UCI","R2_first_covariate","Pval_first_covariate","Model Covariates"
"1",1,"avrate","1",0.209188426356661,0.000714012684700751,1.20966747792573,0.967207636197863,1.51290721080686,0.190345510209389,0.0953517304142451,"1"
"3",3,"avrate+position","3",0.209613163669046,0.0129602449154576,1.26960701087521,1.01494444027281,1.58816768495252,0.238707412328248,0.0366329566539446,"2"
"5",5,"avrate+yellowCards","5",0.170303742751893,0.0253483345765002,1.2694732699916,1.0242686252249,1.57337864651407,0.238602066400636,0.029336027579497,"2"
"7",7,"avrate+position+yellowCards","7",0.172978901698467,0.0378399367518174,1.33967075776916,1.08037755152658,1.66119495604648,0.292423880615512,0.00771339424485589,"3"
"9",9,"avrate+height","9",0.210191368219554,0.00309483457087397,1.23552726682629,0.988722829969065,1.54393888843348,0.211497815669848,0.0628554001523142,"2"
"11",11,"avrate+position+height","11",0.209843761443557,0.0132538556968878,1.27450085896466,1.01911303688114,1.59388839188318,0.242554618795878,0.0335114261138925,"3"
"13",13,"avrate+yellowCards+height","13",0.171149578880207,0.0288068680488667,1.30124380859126,1.05156421170343,1.61020642444099,0.263320582888659,0.0154131114220726,"3"
"15",15,"avrate+position+yellowCards+height","15",0.173142434100384,0.0382435590003322,1.34534111417293,1.08536624892296,1.66758706130776,0.296647597384029,0.00677570469790259,"4"
"17",17,"avrate+weight","17",0.210259370632537,0.00364842248792577,1.21959893874311,0.976415948922609,1.52334829539046,0.198522065963586,0.0801835717585224,"2"
"19",19,"avrate+position+weight","19",0.210037410678557,0.0136987053653558,1.26727671279315,1.01359444475383,1.58445054143707,0.23687027748779,0.0376682515265193,"3"
"21",21,"avrate+yellowCards+weight","21",0.171499492517744,0.0289403856616636,1.27872554838087,1.03346983720643,1.58218360054117,0.245863916600099,0.0236366529657899,"3"
"23",23,"avrate+position+yellowCards+weight","23",0.173399947141477,0.038444167385735,1.33717673726235,1.07884034869756,1.65737370578901,0.290560478809393,0.00798254936949233,"4"
"25",25,"avrate+height+weight","25",0.210344889833937,0.00375510245896927,1.22583567295408,0.98092453174707,1.53189470591632,0.203622793419647,0.073357611399262,"3"
"27",27,"avrate+position+height+weight","27",0.210022538461458,0.0137147794727351,1.2653648075173,1.01164592998255,1.58271589757783,0.235360465993581,0.039267375470968,"4"
"29",29,"avrate+yellowCards+height+weight","29",0.171477622813635,0.0293272058964886,1.29201201384808,1.04395540717807,1.59900991215715,0.256200703961206,0.0185002708447376,"4"
"31",31,"avrate+position+yellowCards+height+weight","31",0.173376429571294,0.0384536855325371,1.33917305124788,1.08010284958073,1.6603830476743,0.29205229752781,0.00775785909720925,"5"
"33",33,"avrate+club","33",0.403720478846869,0.275062749364388,1.03354901397081,0.819292818427636,1.30383611360117,0.0329985242408967,0.780704697678738,"2"
"35",35,"avrate+position+club","35",0.403924977830017,0.283288336222337,1.07859279246768,0.854493462968153,1.36146437905119,0.0756572215953846,0.524332367097817,"3"
"37",37,"avrate+yellowCards+club","37",0.407054584684668,0.327487003442259,1.08945864375008,0.871668379979414,1.36166478411182,0.0856809157560437,0.451471276360944,"3"
"39",39,"avrate+position+yellowCards+club","39",0.407515046033277,0.335309010060534,1.13668335589892,0.908898294788712,1.42155514977391,0.128114685128543,0.261520904650949,"4"
"41",41,"avrate+height+club","41",0.40376603325917,0.278790197443717,1.04707543432139,0.83166469292184,1.31828004061051,0.0460009773555178,0.695468522827326,"3"
"43",43,"avrate+position+height+club","43",0.403933845452107,0.284519690325826,1.07526259750185,0.852617088386103,1.35604794852862,0.0725649084948242,0.539868652128596,"4"
"45",45,"avrate+yellowCards+height+club","45",0.407164763739206,0.332456568950506,1.10292438081929,0.884896785121327,1.37467127269406,0.0979651801870783,0.383330485448687,"4"
"47",47,"avrate+position+yellowCards+height+club","47",0.407591412796309,0.336898306007735,1.1330304572547,0.907009530134618,1.41537434218169,0.124895863639282,0.27124716154178,"5"
"49",49,"avrate+weight+club","49",0.403906498166811,0.279538447605577,1.01002396341117,0.802239150449236,1.27162630506569,0.00997405672137797,0.932360204525213,"3"
"51",51,"avrate+position+weight+club","51",0.404084298053796,0.285079024979616,1.04640528900296,0.829204644956421,1.32049915001491,0.0453607561833284,0.702354528734963,"4"
"53",53,"avrate+yellowCards+weight+club","53",0.407418091237948,0.332667097900673,1.05778640229039,0.848351650429368,1.31892484950567,0.0561784248596034,0.617750354398114,"4"
"55",55,"avrate+position+yellowCards+weight+club","55",0.407835851732156,0.337069075723179,1.10452318236329,0.883390321685346,1.38101067040269,0.0994137326693483,0.383108493770391,"5"
"57",57,"avrate+height+weight+club","57",0.403893247331785,0.279740734987106,1.02065755189176,0.810060654186783,1.28600473661999,0.0204470783104256,0.862323519660266,"4"
"59",59,"avrate+position+height+weight+club","59",0.404073550214931,0.285105732200634,1.0486081931522,0.830485023802767,1.32402043532464,0.0474637545457638,0.689966495568725,"5"
"61",61,"avrate+yellowCards+height+weight+club","61",0.40736413566392,0.333212810149816,1.07634813405753,0.862781516891518,1.34277946734781,0.0735739540734396,0.514398450884562,"5"
"63",63,"avrate+position+yellowCards+height+weight+club","63",0.407783503079653,0.337236629516878,1.11178434322408,0.888804376368019,1.3907047025232,0.105966241070816,0.353494587942772,"6"
"65",65,"avrate+age","65",0.213890148467301,0.0173300220502156,1.24398773990131,0.996353100619205,1.55316975082733,0.218322138883624,0.0538919117108943,"2"
"67",67,"avrate+position+age","67",0.215338873939517,0.027112464040758,1.27701465873888,1.02180092946084,1.59597274930496,0.244525056028279,0.0315907765594824,"3"
"69",69,"avrate+yellowCards+age","69",0.177719058735524,0.0369441108359151,1.29388913504065,1.04388126224185,1.60377348874032,0.257652516241878,0.0186729299514321,"3"
"71",71,"avrate+position+yellowCards+age","71",0.179383148675822,0.0462383181508075,1.3404777321513,1.0804303739753,1.66311554513421,0.293026066956721,0.00774470371242731,"4"
"73",73,"avrate+height+age","73",0.214338474528267,0.0186274960608625,1.26380111691868,1.01283171341077,1.57695818760085,0.234123939134862,0.038186370144071,"3"
"75",75,"avrate+position+height+age","75",0.215486888701843,0.0273520834837087,1.28177260815609,1.02588543854152,1.60148585533586,0.248243970032916,0.0288966819311357,"4"
"77",77,"avrate+yellowCards+height+age","77",0.177886916047756,0.0393746545173049,1.32066811223876,1.06699877232668,1.63464505107254,0.278137754185204,0.0105917327163831,"4"
"79",79,"avrate+position+yellowCards+height+age","79",0.179474148721659,0.0466173027040851,1.34604650201308,1.08536402972162,1.66933962796461,0.29717177892671,0.00681349352534371,"5"
"81",81,"avrate+weight+age","81",0.214107013825694,0.0183524113129782,1.24906496761345,1.00119649349868,1.55829879893728,0.222395245493996,0.0487743036673254,"3"
"83",83,"avrate+position+weight+age","83",0.215445944196685,0.0273643433469063,1.27515324842141,1.02063133598915,1.59314705479213,0.24306636622789,0.0323761593412665,"4"
"85",85,"avrate+yellowCards+weight+age","85",0.177851416937122,0.0387819189872342,1.29938109438156,1.0496981428206,1.60845404937023,0.261888069859877,0.0161518987682206,"4"
"87",87,"avrate+position+yellowCards+weight+age","87",0.179519950312825,0.0465187801753383,1.3385240332891,1.07920320795265,1.66015684024092,0.291567539206767,0.00796123087021347,"5"
"89",89,"avrate+height+weight+age","89",0.21429993934982,0.0186600678708348,1.26013177932088,1.00968372623141,1.57270248098507,0.231216302257172,0.0408342899923913,"4"
"91",91,"avrate+position+height+weight+age","91",0.215484724902089,0.0273959867336289,1.27823655942775,1.02280925964791,1.59745200431617,0.245481440099884,0.0309085693859137,"5"
"93",93,"avrate+yellowCards+height+weight+age","93",0.177901268845922,0.0394282470383782,1.31659149730572,1.06347244257488,1.62995588920084,0.275046197961307,0.0115735168531457,"5"
"95",95,"avrate+position+yellowCards+height+weight+age","95",0.179498826576595,0.0466308365352031,1.34441734883896,1.08375709824539,1.66777039872262,0.29596072130724,0.00711496637622929,"6"
"97",97,"avrate+club+age","97",0.408051753148602,0.283738014074817,1.0970703971966,0.870878032317555,1.3820115007405,0.0926433517014074,0.431631987612833,"3"
"99",99,"avrate+position+club+age","99",0.408053086809784,0.290136961235984,1.1149553698251,0.884190730464284,1.40594719427681,0.108814377048286,0.357736947221124,"4"
"101",101,"avrate+yellowCards+club+age","101",0.410936279063312,0.33151714759092,1.13668509026531,0.909288062974993,1.4209501334529,0.128116210940512,0.260603422614885,"4"
"103",103,"avrate+position+yellowCards+club+age","103",0.410745742093339,0.33770983401381,1.16001962124796,0.927180098843406,1.45133132533675,0.148436919844149,0.19410116656858,"5"
"105",105,"avrate+height+club+age","105",0.408004195339515,0.286619964489105,1.10616214332092,0.879560258791808,1.39114367103978,0.100896495719224,0.388309540454244,"4"
"107",107,"avrate+position+height+club+age","107",0.429242178516141,0.31669596814177,1.11201852712631,0.882679501367567,1.40094474014213,0.106176856774408,0.367590908702889,"5"
"109",109,"avrate+yellowCards+height+club+age","109",0.410776051226943,0.335961378614442,1.14609950429562,0.919293878007796,1.42886198327923,0.136364442006351,0.225500949508961,"5"
"111",111,"avrate+position+yellowCards+height+club+age","111",0.410811179896478,0.339338046399297,1.1567283683954,0.92566464886382,1.44547004132977,0.145595648301961,0.20034252567042,"6"
"113",113,"avrate+weight+club+age","113",0.429115705863688,0.312036756391942,1.07233253261859,0.85231839740506,1.34914025558189,0.069836212885293,0.551128127624184,"4"
"115",115,"avrate+position+weight+club+age","115",0.429233893369701,0.316739750687543,1.08773824610484,0.862669408514257,1.37152712309222,0.0841005368648772,0.477065612882484,"5"
"117",117,"avrate+yellowCards+weight+club+age","117",0.410762640221596,0.335579453213081,1.10249918074135,0.883722101342546,1.37543741600302,0.0975795852468421,0.387234337989442,"5"
"119",119,"avrate+position+yellowCards+weight+club+age","119",0.410875746215505,0.339183747634198,1.13126668398196,0.904348085917034,1.41512359037043,0.123337964194591,0.280244133423299,"6"
"121",121,"avrate+height+weight+club+age","121",0.429154536851035,0.312417539863436,1.09066563507647,0.866217948790586,1.37327046755104,0.0867881842374089,0.460352493305422,"5"
"123",123,"avrate+position+height+weight+club+age","123",0.429243820695906,0.316897095621683,1.09643136271284,0.869101546748892,1.38322355729009,0.0920606902114301,0.43742535587569,"6"
"125",125,"avrate+yellowCards+height+weight+club+age","125",0.410771969070942,0.336317558284527,1.12772638118333,0.903449831683681,1.4076783748432,0.120203553778101,0.288013373098084,"6"
"127",127,"avrate+position+yellowCards+height+weight+club+age","127",0.410854544140618,0.339495300132719,1.14378463117336,0.91396378183597,1.43139510395082,0.134342615770723,0.240448013064523,"7"
"129",129,"avrate+meanIAT","129",0.209534723081743,0.000804359777004736,1.21216872599004,0.969090593320349,1.51621843241089,0.192411090820982,0.0919869576922077,"2"
"131",131,"avrate+position+meanIAT","131",0.209966310960086,0.0130495571909407,1.27268272080246,1.01726117425308,1.59223742026566,0.241127051120412,0.0348842909308298,"3"
"133",133,"avrate+yellowCards+meanIAT","133",0.170520219177091,0.0253720031492651,1.27186964059363,1.02601120209274,1.57664202823931,0.240487975856063,0.0282166253993896,"3"
"135",135,"avrate+position+yellowCards+meanIAT","135",0.173213748945664,0.0378674875664476,1.34279675697889,1.0826736371204,1.66541704603501,0.294754571002338,0.00729628597948801,"4"
"137",137,"avrate+height+meanIAT","137",0.210569264728045,0.00320027587480985,1.23869446939608,0.991141192579328,1.54807811440006,0.21405797772271,0.0598711926681228,"3"
"139",139,"avrate+position+height+meanIAT","139",0.210207905476946,0.0133470791620435,1.27783749441531,1.02164106243527,1.59828018094862,0.245169191700756,0.0317533577497731,"4"
"141",141,"avrate+yellowCards+height+meanIAT","141",0.171403639194914,0.0288424394086755,1.30460016772746,1.05408258941634,1.61465677805847,0.265896608946046,0.0145209119529968,"4"
"143",143,"avrate+position+yellowCards+height+meanIAT","143",0.173388718326856,0.0382756410955248,1.34881846229097,1.08794776370081,1.67224135654118,0.299228996109922,0.00636001528951109,"5"
"145",145,"avrate+weight+meanIAT","145",0.210633481496456,0.00375283899024151,1.22242664252336,0.978566669607262,1.52705680947693,0.200837934450587,0.076875110024688,"3"
"147",147,"avrate+position+weight+meanIAT","147",0.210401016045515,0.0137921816688756,1.2704547990473,1.01599926402317,1.58863835199145,0.239374945850662,0.0358031377146959,"4"
"149",149,"avrate+yellowCards+weight+meanIAT","149",0.171747163155256,0.0289751982945172,1.28157706909584,1.03558676363403,1.58599920519331,0.248091404768517,0.0225162149990411,"4"
"151",151,"avrate+position+yellowCards+weight+meanIAT","151",0.173644802093062,0.0384757649514744,1.34042475313739,1.08124208808431,1.66173564516601,0.292986543688563,0.00753022181157115,"5"
"153",153,"avrate+height+weight+meanIAT","153",0.210723958472898,0.00386135701629851,1.22893582306385,0.983281780237978,1.53596180419828,0.206148610395264,0.0700187179928649,"4"
"155",155,"avrate+position+height+weight+meanIAT","155",0.210385803552317,0.0138074861992487,1.26864553831035,1.0141212930051,1.58705029958055,0.237949826081633,0.0372787072696533,"5"
"157",157,"avrate+yellowCards+height+weight+meanIAT","157",0.171730973585316,0.0293636518008771,1.29528749661869,1.04640032554634,1.60337268436984,0.258732675622969,0.0174739681001027,"5"
"159",159,"avrate+position+yellowCards+height+weight+meanIAT","159",0.173620561385322,0.0384854857698323,1.34261711108685,1.0826490671379,1.66500924602338,0.294620777180502,0.00729265240005315,"6"
"161",161,"avrate+club+meanIAT","161",0.403798729710552,0.275045984356926,1.03410645353186,0.819655325978732,1.30466566048275,0.0335377239125194,0.777305607755298,"3"
"163",163,"avrate+position+club+meanIAT","163",0.40401233047947,0.283270028332395,1.07931261412221,0.854959281743766,1.3625394143068,0.076324370098766,0.520899793707039,"4"
"165",165,"avrate+yellowCards+club+meanIAT","165",0.407031504449343,0.327481818817944,1.08949890771481,0.871580123608666,1.36190332679582,0.0857178728456395,0.451556464971938,"4"
"167",167,"avrate+position+yellowCards+club+meanIAT","167",0.407500383315,0.33530010380493,1.1368277543842,0.908864031726662,1.42196995152614,0.128241711985656,0.261399417710535,"5"
"169",169,"avrate+height+club+meanIAT","169",0.403883194758972,0.278770213599672,1.04786230899133,0.832213605739373,1.31939133298491,0.046752192716889,0.690866549017664,"4"
"171",171,"avrate+position+height+club+meanIAT","171",0.4040400465534,0.28449930331885,1.07610124042841,0.853182160718747,1.3572645244669,0.0733445469309281,0.535728462060327,"5"
"173",173,"avrate+yellowCards+height+club+meanIAT","173",0.407171827031854,0.332433049104261,1.1032555507883,0.885044445942995,1.37526744100215,0.0982654004608194,0.382162571510845,"5"
"175",175,"avrate+position+yellowCards+height+club+meanIAT","175",0.407592199055199,0.336880467873951,1.133332547416,0.907105450429061,1.41597943483296,0.125162449497295,0.270571710004508,"6"
"177",177,"avrate+weight+club+meanIAT","177",0.404013049656084,0.279521903616244,1.01070079449544,0.802702805053641,1.27259564755782,0.0106439461825101,0.927858089936929,"4"
"179",179,"avrate+position+weight+club+meanIAT","179",0.404184993908935,0.285061204754345,1.04717234399501,0.8297149680042,1.32162243699869,0.0460935257871691,0.697926318363954,"5"
"181",181,"avrate+yellowCards+weight+club+meanIAT","181",0.407417117635937,0.332649669573577,1.05802125526554,0.848427693050604,1.3193923132904,0.0564004232773515,0.6165732192869,"5"
"183",183,"avrate+position+yellowCards+weight+club+meanIAT","183",0.40783215032907,0.337054741616957,1.10476629142703,0.883444045044111,1.38153464899125,0.0996338116292166,0.382395402894935,"6"
"185",185,"avrate+height+weight+club+meanIAT","185",0.404006268379579,0.279723272906251,1.02140317737159,0.810574350516047,1.28706817589354,0.0211773460270285,0.857516894211791,"5"
"187",187,"avrate+position+height+weight+club+meanIAT","187",0.404175843474417,0.285087628316741,1.04940567067351,0.831015172591143,1.32518911563066,0.0482239759851554,0.685420430927744,"6"
"189",189,"avrate+yellowCards+height+weight+club+meanIAT","189",0.407369749084207,0.333191389557435,1.07665461180887,0.862909495338674,1.343344996655,0.0738586520414204,0.513032027055356,"6"
"191",191,"avrate+position+yellowCards+height+weight+club+meanIAT","191",0.407783059109158,0.337220230959844,1.1120674277804,0.888885058479906,1.39128670476811,0.106220830483238,0.352691531788573,"7"
"193",193,"avrate+age+meanIAT","193",0.214214182709713,0.017430523919469,1.24624857025289,0.998018184126706,1.55621963964154,0.220137895053846,0.0520815071756862,"3"
"195",195,"avrate+position+age+meanIAT","195",0.21566503855932,0.0272092060675221,1.27967286817897,1.02375625595898,1.59956302100389,0.246604473532321,0.0302957937689612,"4"
"197",197,"avrate+yellowCards+age+meanIAT","197",0.177919781527082,0.036981810399066,1.29598303446348,1.0453571795903,1.60669679073274,0.259269507152639,0.0180539472147666,"4"
"199",199,"avrate+position+yellowCards+age+meanIAT","199",0.179599495428885,0.0462766843954485,1.34316851359278,1.08235325550631,1.66683256758268,0.295031385166942,0.007397378992131,"5"
"201",201,"avrate+height+age+meanIAT","201",0.214698581513357,0.0187434172358112,1.26663946006666,1.01495736618506,1.58073193539978,0.236367298938817,0.0364990883485077,"4"
"203",203,"avrate+position+height+age+meanIAT","203",0.21582794499404,0.0274539959786894,1.28468704965059,1.02804651998973,1.60539507060091,0.250515147558279,0.0275784018146588,"5"
"205",205,"avrate+yellowCards+height+age+meanIAT","205",0.178131502087697,0.0394258571120395,1.32364352880686,1.06918330201785,1.6386640046152,0.28038818320246,0.0100503718904664,"5"
"207",207,"avrate+position+yellowCards+height+age+meanIAT","207",0.179705144522513,0.0466608554002282,1.34908506322154,1.08756754954369,1.67348732368034,0.299426631739893,0.00645966042400187,"6"
"209",209,"avrate+weight+age+meanIAT","209",0.214453063985051,0.0184611295399071,1.25156648150965,1.00305890000396,1.56164175167806,0.224395951940765,0.0469214031719509,"4"
"211",211,"avrate+position+weight+age+meanIAT","211",0.215780147362042,0.0274632751371286,1.27788485315565,1.02265041667549,1.59682103610076,0.24520625264393,0.0310065784166775,"5"
"213",213,"avrate+yellowCards+weight+age+meanIAT","213",0.17807904556349,0.0388265423720906,1.30185390476394,1.05148584562051,1.61183680827292,0.263789329167924,0.0154922124249493,"5"
"215",215,"avrate+position+yellowCards+weight+age+meanIAT","215",0.179743675684148,0.0465593622259875,1.34130900381337,1.08120828734394,1.66398081181051,0.293646005654717,0.00758803584435457,"6"
"217",217,"avrate+height+weight+age+meanIAT","217",0.214659324495472,0.0187752171114431,1.26296483501585,1.01179924385607,1.57647891533068,0.23346200055466,0.0390508138880984,"5"
"219",219,"avrate+position+height+weight+age+meanIAT","219",0.215824255439304,0.0274968211233511,1.2811483435346,1.02496179185867,1.60136806189139,0.247756819125334,0.0295131855718705,"6"
"221",221,"avrate+yellowCards+height+weight+age+meanIAT","221",0.178144558213323,0.0394788545852362,1.31955066083807,1.06563654858138,1.63396605422006,0.277291270190164,0.0109914634875297,"6"
"223",223,"avrate+position+yellowCards+height+weight+age+meanIAT","223",0.179728657803164,0.0466739819866546,1.34747314032075,1.08596680222997,1.67195153678499,0.29823109063074,0.00674607307187832,"7"
"225",225,"avrate+club+age+meanIAT","225",0.408088265901802,0.283732716670387,1.09739809097419,0.871050077278095,1.38256410450822,0.0929420060514627,0.430350622257607,"4"
"227",227,"avrate+position+club+age+meanIAT","227",0.408096654829552,0.290131676087638,1.11538661728819,0.884417759728461,1.40667381714219,0.109201086773479,0.356300545599047,"5"
"229",229,"avrate+yellowCards+club+age+meanIAT","229",0.410888509458432,0.33152550402374,1.13652075185245,0.909033146378842,1.42093764626371,0.127971623582779,0.261431881975642,"5"
"231",231,"avrate+position+yellowCards+club+age+meanIAT","231",0.410708205673228,0.337715296062069,1.15993742927528,0.926960397086536,1.45146960329972,0.148366063383513,0.194644809597747,"6"
"233",233,"avrate+height+club+age+meanIAT","233",0.429248871950658,0.312123735739345,1.10672015259535,0.879918409688973,1.39198075943611,0.101400823750847,0.386143868397992,"5"
"235",235,"avrate+position+height+club+age+meanIAT","235",0.429303551701283,0.316687080095559,1.11258554161219,0.883018587700066,1.4018352553921,0.106686623439072,0.365556232349923,"6"
"237",237,"avrate+yellowCards+height+club+age+meanIAT","237",0.410763100166327,0.335952881645387,1.14624012535358,0.919284912122374,1.42922657344308,0.136487129810823,0.225362297267889,"6"
"239",239,"avrate+position+yellowCards+height+club+age+meanIAT","239",0.410791631560921,0.339334849119207,1.15681855093417,0.925586018026953,1.4458182532166,0.145673608716819,0.200430505365546,"7"
"241",241,"avrate+weight+club+age+meanIAT","241",0.429176083660764,0.312028612155737,1.07278986894559,0.852600845863114,1.3498439609771,0.0702626093777159,0.548865012854868,"5"
"243",243,"avrate+position+weight+club+age+meanIAT","243",0.429288156513043,0.316732250996561,1.08823579650706,0.862957140555983,1.37232441003543,0.0845578496830905,0.474908939285575,"6"
"245",245,"avrate+yellowCards+weight+club+age+meanIAT","245",0.410740378054014,0.335575576255899,1.1025525190892,0.883651161137613,1.375680937017,0.0976279635663787,0.387275076916667,"6"
"247",247,"avrate+position+yellowCards+weight+club+age+meanIAT","247",0.410850484883166,0.33918354989808,1.13129920379544,0.904230231915356,1.41538940342354,0.123366710153912,0.28047367179474,"7"
"249",249,"avrate+height+weight+club+age+meanIAT","249",0.429225404412046,0.312408494300251,1.09121006876848,0.866564403611209,1.37409223044424,0.0872872353083295,0.457970837018449,"6"
"251",251,"avrate+position+height+weight+club+age+meanIAT","251",0.429303844760138,0.316888989735862,1.09698381389624,0.869428310880313,1.38409742688491,0.0925644263038738,0.435174284142415,"7"
"253",253,"avrate+yellowCards+height+weight+club+age+meanIAT","253",0.410759100282488,0.336309759609536,1.12786085278518,0.90343764862592,1.40803308914573,0.12032278800676,0.287823875557087,"7"
"255",255,"avrate+position+yellowCards+height+weight+club+age+meanIAT","255",0.41083501550105,0.339492722808675,1.14387048655863,0.913883237898354,1.43173617346225,0.134417675498605,0.240527348780287,"8"
"257",257,"avrate+refCountry","257",0.75061834489422,0.710502834881069,1.21111107865602,0.96831542046894,1.51478538277642,0.1915381851011,0.0933648676414164,"2"
"259",259,"avrate+position+refCountry","259",0.75059772630289,0.713677746447008,1.26575814925132,1.01149143180485,1.58394193170511,0.235671270125903,0.0394148488641689,"3"
"261",261,"avrate+yellowCards+refCountry","261",0.748218220597907,0.72181136202005,1.25921065346267,1.01477720598264,1.56252176383729,0.23048505914606,0.0363327842072089,"3"
"263",263,"avrate+position+yellowCards+refCountry","263",0.748204913853934,0.724615680726926,1.32178873720409,1.06466546184774,1.6410088693658,0.278985923216042,0.0114817070972309,"4"
"265",265,"avrate+height+refCountry","265",0.750501261581902,0.711673344292851,1.23698091470761,0.990523102381322,1.5447613283045,0.212673664599012,0.0606593037218727,"3"
"267",267,"avrate+position+height+refCountry","267",0.750517066045484,0.714106573149864,1.27091402769481,1.01639884665269,1.58916204117198,0.239736348452032,0.0354985917157032,"4"
"269",269,"avrate+yellowCards+height+refCountry","269",0.748065355749026,0.72348187830486,1.28838815819615,1.04076320058491,1.59492961054655,0.253391947339957,0.0199728312178018,"4"
"271",271,"avrate+position+yellowCards+height+refCountry","271",0.748123023291761,0.72515051729908,1.32698274115659,1.06990898439282,1.64582522533612,0.282907749354858,0.0100235345600566,"5"
"273",273,"avrate+weight+refCountry","273",0.750459587176378,0.71191407154945,1.21310266849491,0.971804374135771,1.51431514765325,0.193181266524337,0.0877831624908547,"3"
"275",275,"avrate+position+weight+refCountry","275",0.750488193564776,0.714339283852636,1.25557148730499,1.00426061625241,1.56977156548877,0.227590837305544,0.0457953660640492,"4"
"277",277,"avrate+yellowCards+weight+refCountry","277",0.748052631276237,0.723533706129454,1.25617784123615,1.01479287778785,1.55498013767358,0.228073651363501,0.0361851862092735,"4"
"279",279,"avrate+position+yellowCards+weight+refCountry","279",0.748123611417651,0.72521510598825,1.30996200801431,1.05600441370536,1.62499364602058,0.269998135276718,0.0140666591503192,"5"
"281",281,"avrate+height+weight+refCountry","281",0.750458257093673,0.711974561637289,1.2229288909218,0.979197189594146,1.52732778253897,0.201248711859953,0.0759652948036679,"4"
"283",283,"avrate+position+height+weight+refCountry","283",0.750485816499931,0.714345829414024,1.25700352508978,1.00504173195846,1.57213159597779,0.228730733971543,0.0450672562756191,"5"
"285",285,"avrate+yellowCards+height+weight+refCountry","285",0.748039415726212,0.723724103399197,1.27383907036779,1.02879466930384,1.57724959665031,0.242035230778502,0.0263923297127911,"5"
"287",287,"avrate+position+yellowCards+height+weight+refCountry","287",0.748111894308294,0.725274320648641,1.3159434481139,1.06056270587967,1.63281920911746,0.274553859421953,0.0126271962892377,"6"
"289",289,"avrate+club+refCountry","289",0.779919233864854,0.750815428475174,1.07125431069472,0.849526564038944,1.35085334203796,0.0688302149074963,0.560754660708087,"3"
"291",291,"avrate+position+club+refCountry","291",0.77980790202731,0.75352887833069,1.11285670448895,0.881978135988922,1.40417318093422,0.106930316914896,0.367404145494052,"4"
"293",293,"avrate+yellowCards+club+refCountry","293",0.777873886228775,0.76015005682605,1.12453405784338,0.899947817463049,1.40516685824577,0.11736877905808,0.30181542625452,"4"
"295",295,"avrate+position+yellowCards+club+refCountry","295",0.777732365061259,0.762526840147181,1.16741687566536,0.933610034987967,1.45977668460455,0.154793509452609,0.174619431933788,"5"
"297",297,"avrate+height+club+refCountry","297",0.779840529238929,0.752266145320404,1.08460224199278,0.861999529015296,1.36468986784665,0.0812133225375468,0.488354710434579,"4"
"299",299,"avrate+position+height+club+refCountry","299",0.779768842064765,0.754153215598701,1.10811910835804,0.879200580996377,1.39664143182962,0.102664081065625,0.384549782429717,"5"
"301",301,"avrate+yellowCards+height+club+refCountry","301",0.777759171696254,0.761985514152133,1.13697824275547,0.912657905620443,1.41643382097314,0.128374078926089,0.252258288423028,"5"
"303",303,"avrate+position+yellowCards+height+club+refCountry","303",0.777692664296141,0.763228554290001,1.16200248637317,0.930546975729685,1.45102806580897,0.150144798163377,0.185231728102691,"6"
"305",305,"avrate+weight+club+refCountry","305",0.779854919941784,0.752383825667577,1.04567843194386,0.830953270445614,1.31589034175916,0.0446658919376336,0.703294935731985,"4"
"307",307,"avrate+position+weight+club+refCountry","307",0.779784222374819,0.754268739720489,1.07692063314991,0.853815254403627,1.35832434958553,0.07410570293321,0.531538104828333,"5"
"309",309,"avrate+yellowCards+weight+club+refCountry","309",0.777787900456656,0.761895443523143,1.09018621106283,0.874617800716856,1.35888610295537,0.086348517487731,0.442388284947104,"5"
"311",311,"avrate+position+yellowCards+weight+club+refCountry","311",0.777724295498503,0.763174296257035,1.13154843792702,0.905220121292443,1.41446465589713,0.123586993771762,0.277737173969806,"6"
"313",313,"avrate+height+weight+club+refCountry","313",0.779844718592645,0.752505620908469,1.05871370722243,0.840757791020559,1.33317196204637,0.057054687503961,0.627585402066475,"5"
"315",315,"avrate+position+height+weight+club+refCountry","315",0.779778627957778,0.754310684051897,1.08131727404202,0.856906306706653,1.36449812306253,0.0781799960956348,0.510055436236763,"6"
"317",317,"avrate+yellowCards+height+weight+club+refCountry","317",0.777765288957706,0.762157231466992,1.11147641999337,0.89136105777638,1.38594772726901,0.105689239616217,0.347929573085212,"6"
"319",319,"avrate+position+yellowCards+height+weight+club+refCountry","319",0.777708661802675,0.763294154247265,1.14130656688277,0.912752913700231,1.42709013584977,0.132173717422927,0.246344568163441,"7"
"321",321,"avrate+age+refCountry","321",0.750950050243246,0.712979899757049,1.26719320597983,1.0140505606007,1.58352914901029,0.236804380620967,0.0372806236615539,"3"
"323",323,"avrate+position+age+refCountry","323",0.750942963151711,0.715678155292926,1.29483792704946,1.03534669540822,1.61936601986708,0.258385534461667,0.0235508674782679,"4"
"325",325,"avrate+yellowCards+age+refCountry","325",0.748587404594363,0.722809226756672,1.30438588863902,1.0508169292388,1.61914268712162,0.265732346597155,0.0159789392381739,"4"
"327",327,"avrate+position+yellowCards+age+refCountry","327",0.748560344292753,0.725136288234548,1.34242200781873,1.08061230153436,1.66766271725509,0.294475450978669,0.00780545043297734,"5"
"329",329,"avrate+height+age+refCountry","329",0.750851822355854,0.713781563576277,1.28646330044657,1.03068845277348,1.60571103609676,0.251896825668614,0.0259322149423627,"4"
"331",331,"avrate+position+height+age+refCountry","331",0.750867236431297,0.716047678291714,1.29934425188187,1.03970273669053,1.62382518129409,0.261859715574775,0.0213193530734979,"5"
"333",333,"avrate+yellowCards+height+age+refCountry","333",0.748421989161041,0.724202029932178,1.32751543815352,1.07177081036652,1.64428553333457,0.283309103560511,0.00946503671006227,"5"
"335",335,"avrate+position+yellowCards+height+age+refCountry","335",0.748475854428427,0.725632666635074,1.34703143757786,1.08537630019053,1.67176461611014,0.297903236114941,0.00686257075638456,"6"
"337",337,"avrate+weight+age+refCountry","337",0.75082894701989,0.713724806268113,1.26486578168631,1.01342171530528,1.57869662897343,0.234966015116581,0.0377216774137093,"4"
"339",339,"avrate+position+weight+age+refCountry","339",0.750860596883522,0.716063237037529,1.28642414919518,1.02919638117649,1.60794103234293,0.251866391961615,0.0269115316930438,"5"
"341",341,"avrate+yellowCards+weight+age+refCountry","341",0.748411898025281,0.724025008465925,1.29713495560846,1.04698493853222,1.60705186019214,0.260157952048059,0.0173124382914382,"5"
"343",343,"avrate+position+yellowCards+weight+age+refCountry","343",0.748484021738005,0.725557809621498,1.33224386083688,1.07306479987918,1.65402285578411,0.286864634067704,0.00935440438937807,"6"
"345",345,"avrate+height+weight+age+refCountry","345",0.750832994343581,0.713845342166878,1.28056706350801,1.0255844410778,1.59894391769262,0.247302998193495,0.0290388414786865,"5"
"347",347,"avrate+position+height+weight+age+refCountry","347",0.75085235652654,0.716112576900051,1.29322357933226,1.03437644246838,1.61684581886835,0.257138000025105,0.0240347824893865,"6"
"349",349,"avrate+yellowCards+height+weight+age+refCountry","349",0.748402292528001,0.724284035838517,1.31996367716412,1.06521747014237,1.63563230783266,0.277604218919763,0.0111661922919197,"6"
"351",351,"avrate+position+yellowCards+height+weight+age+refCountry","351",0.748468746934197,0.725668898070632,1.3426505184879,1.08128166545492,1.6671978008962,0.294645659170422,0.00764337732418365,"7"
"353",353,"avrate+club+age+refCountry","353",0.780035536680525,0.75285622716103,1.13806493916126,0.903751799336336,1.43312777545698,0.129329398365369,0.271524838985856,"4"
"355",355,"avrate+position+club+age+refCountry","355",0.779950586164982,0.755066481791638,1.15123938588762,0.91330980119005,1.45115285294428,0.140839088903293,0.233145035116494,"5"
"357",357,"avrate+yellowCards+club+age+refCountry","357",0.778045378632845,0.760829282027295,1.17449572516909,0.939765477242831,1.4678558021599,0.160838885407429,0.1574045842424,"5"
"359",359,"avrate+position+yellowCards+club+age+refCountry","359",0.777908789409863,0.76281831608252,1.19241092472003,0.953192017638113,1.49166567394766,0.175977244738912,0.12347526254253,"6"
"361",361,"avrate+height+club+age+refCountry","361",0.77998237111018,0.75398163424946,1.14640827604094,0.912034935748201,1.44101051819578,0.136633816662207,0.241639178114289,"5"
"363",363,"avrate+position+height+club+age+refCountry","363",0.779913490869903,0.755657463377457,1.14677648098058,0.910795332318193,1.44389881092491,0.136954946428723,0.243983743880398,"6"
"365",365,"avrate+yellowCards+height+club+age+refCountry","365",0.777927845453498,0.762500338376207,1.18225460364433,0.948716346918703,1.4732811892383,0.167423296502823,0.135936237941544,"6"
"367",367,"avrate+position+yellowCards+height+club+age+refCountry","367",0.777864284227776,0.76352452315811,1.18726178696138,0.950431513664553,1.48310586350805,0.171649636350124,0.130506393139753,"7"
"369",369,"avrate+weight+club+age+refCountry","369",0.779994866369325,0.753869395029832,1.11118715967537,0.883548501995009,1.39747495586201,0.105428957023496,0.367371549648579,"5"
"371",371,"avrate+position+weight+club+age+refCountry","371",0.779927540930662,0.755614486381751,1.12049396496651,0.889063672960883,1.4121673888048,0.113769628226055,0.335138811887229,"6"
"373",373,"avrate+yellowCards+weight+club+age+refCountry","373",0.777952912203327,0.762265267958132,1.13754784544316,0.912074736871296,1.4187599418785,0.128874932886441,0.25286559559637,"6"
"375",375,"avrate+position+yellowCards+weight+club+age+refCountry","375",0.777891102765252,0.763383188440097,1.16018939597817,0.927664364623176,1.45099831994404,0.148583264185758,0.192914258141034,"7"
"377",377,"avrate+height+weight+club+age+refCountry","377",0.779984463888276,0.754057282321654,1.13228815173138,0.89973946246231,1.42494189933896,0.124240498387833,0.289495157733988,"6"
"379",379,"avrate+position+height+weight+club+age+refCountry","379",0.779916967450589,0.75572139258372,1.13166507804266,0.897558795213445,1.42683226512948,0.123690068550097,0.295560850741183,"7"
"381",381,"avrate+yellowCards+height+weight+club+age+refCountry","381",0.777928548025971,0.762587831499359,1.16582135260335,0.934384226370325,1.45458301609561,0.153425862299076,0.17418751772108,"7"
"383",383,"avrate+position+yellowCards+height+weight+club+age+refCountry","383",0.777871211210037,0.763560523755436,1.17551132195734,0.93966070511186,1.47055938439545,0.161703220561419,0.156992708226304,"8"
"385",385,"avrate+meanIAT+refCountry","385",0.750618346533751,0.710502822672942,1.21111106834121,0.968315409994689,1.51478537335951,0.191538176584277,0.0933648855767745,"3"
"387",387,"avrate+position+meanIAT+refCountry","387",0.750597727562651,0.713677738867553,1.26575814647711,1.01149142689803,1.58394193244575,0.235671267934163,0.0394148530322245,"4"
"389",389,"avrate+yellowCards+meanIAT+refCountry","389",0.748218226542634,0.721811341199083,1.25921066198787,1.01477719050783,1.56252180882232,0.230485065916333,0.0363327977780652,"4"
"391",391,"avrate+position+yellowCards+meanIAT+refCountry","391",0.748204904032384,0.724615716991574,1.32178871527723,1.06466548122795,1.6410087850497,0.278985906627269,0.0114816987185094,"5"
"393",393,"avrate+height+meanIAT+refCountry","393",0.750501261654756,0.711673334992291,1.23698089462145,0.990523091303894,1.54476129541239,0.212673648360966,0.0606593175307819,"4"
"395",395,"avrate+position+height+meanIAT+refCountry","395",0.750517069936748,0.714106555052902,1.27091403061981,1.01639883735502,1.58916206302398,0.239736350753522,0.0354985993739292,"5"
"397",397,"avrate+yellowCards+height+meanIAT+refCountry","397",0.7480653556379,0.723481869452932,1.2883881352489,1.04076318701152,1.59492957453325,0.253391929529137,0.0199728371575176,"5"
"399",399,"avrate+position+yellowCards+height+meanIAT+refCountry","399",0.748123024023399,0.725150513460413,1.32698274004714,1.06990898127598,1.64582522737866,0.282907748518791,0.0100235355004169,"6"
"401",401,"avrate+weight+meanIAT+refCountry","401",0.750459591432101,0.711914055069906,1.2131026773575,0.971804366930725,1.51431518100685,0.193181273830059,0.0877831715478491,"4"
"403",403,"avrate+position+weight+meanIAT+refCountry","403",0.750488193625176,0.714339283705815,1.25557148767401,1.00426061628333,1.56977156636317,0.227590837599453,0.0457953660394804,"5"
"405",405,"avrate+yellowCards+weight+meanIAT+refCountry","405",0.748052626438723,0.723533726870706,1.25617783953425,1.01479289293966,1.55498011024282,0.228073650008674,0.0361851730988698,"5"
"407",407,"avrate+position+yellowCards+weight+meanIAT+refCountry","407",0.748123611153777,0.725215113897802,1.30996202437098,1.05600442437,1.62499367019023,0.269998147763086,0.0140666557704725,"6"
"409",409,"avrate+height+weight+meanIAT+refCountry","409",0.750458261794449,0.711974548124791,1.22292891152486,0.979197187427895,1.52732783738056,0.201248728707261,0.0759652954005149,"5"
"411",411,"avrate+position+height+weight+meanIAT+refCountry","411",0.750485813104376,0.714345859040481,1.25700355235624,1.00504175540172,1.57213162751099,0.22873075566318,0.0450672343502637,"6"
"413",413,"avrate+yellowCards+height+weight+meanIAT+refCountry","413",0.748039414039961,0.723724109690807,1.27383906764873,1.02879467341695,1.5772495836111,0.242035228643966,0.0263923267182723,"6"
"415",415,"avrate+position+yellowCards+height+weight+meanIAT+refCountry","415",0.748111895551952,0.725274319604527,1.31594345996984,1.06056270889663,1.63281923389424,0.274553868431411,0.0126271959128681,"7"
"417",417,"avrate+club+meanIAT+refCountry","417",0.779919233764327,0.750815422446686,1.07125429709127,0.849526558156785,1.35085331708336,0.06883020220887,0.560754723251584,"4"
"419",419,"avrate+position+club+meanIAT+refCountry","419",0.779807896126483,0.753528885100658,1.11285664513257,0.881978127050614,1.40417304537605,0.10693026357795,0.367404295447964,"5"
"421",421,"avrate+yellowCards+club+meanIAT+refCountry","421",0.777873886939299,0.760150059661467,1.12453407186453,0.899947821828337,1.40516688647025,0.117368791526486,0.301815391428119,"5"
"423",423,"avrate+position+yellowCards+club+meanIAT+refCountry","423",0.777732367684945,0.762526848781168,1.16741693042697,0.933610054367764,1.45977679125409,0.15479355636097,0.174619351748047,"6"
"425",425,"avrate+height+club+meanIAT+refCountry","425",0.779840529239529,0.752266146166471,1.08460224381438,0.861999529875906,1.36468987106818,0.0812133242170564,0.488354702730698,"5"
"427",427,"avrate+position+height+club+meanIAT+refCountry","427",0.779768836753039,0.754153246264887,1.1081191051718,0.879200594883483,1.39664140173776,0.102664078190264,0.384549757388666,"6"
"429",429,"avrate+yellowCards+height+club+meanIAT+refCountry","429",0.777759169477304,0.761985519813004,1.13697823091972,0.912657908136368,1.4164337875788,0.128374068516264,0.252258298468626,"6"
"431",431,"avrate+position+yellowCards+height+club+meanIAT+refCountry","431",0.777692670592282,0.763228538467095,1.16200253002427,0.930546976527895,1.45102817358122,0.150144835728785,0.185231690770524,"7"
"433",433,"avrate+weight+club+meanIAT+refCountry","433",0.779854921552556,0.75238382447251,1.04567844848726,0.830953273261329,1.31589037893692,0.0446659077583656,0.703294850910134,"5"
"435",435,"avrate+position+weight+club+meanIAT+refCountry","435",0.77978422048758,0.754268735784496,1.07692060221557,0.853815246063343,1.35832428481877,0.0741056742084009,0.531538230414822,"6"
"437",437,"avrate+yellowCards+weight+club+meanIAT+refCountry","437",0.777787901146903,0.761895445290538,1.09018622384864,0.874617805158109,1.35888612792934,0.0863485292158293,0.442388236743173,"6"
"439",439,"avrate+position+yellowCards+weight+club+meanIAT+refCountry","439",0.777724291190958,0.763174311259276,1.13154841755233,0.905220125028503,1.41446459912152,0.123586975765736,0.277737196321474,"7"
"441",441,"avrate+height+weight+club+meanIAT+refCountry","441",0.77984473096805,0.752505580875494,1.0587137658756,0.840757778553101,1.33317212953232,0.0570547429043718,0.627585172778446,"6"
"443",443,"avrate+position+height+weight+club+meanIAT+refCountry","443",0.779778628170991,0.754310677842814,1.08131726422924,0.856906301831815,1.36449810605978,0.0781799870207884,0.510055479188447,"7"
"445",445,"avrate+yellowCards+height+weight+club+meanIAT+refCountry","445",0.777765297084532,0.762157197102495,1.11147642948947,0.89136103120184,1.38594779227107,0.105689248159897,0.347929617901397,"7"
"447",447,"avrate+position+yellowCards+height+weight+club+meanIAT+refCountry","447",0.777708661981159,0.763294157854154,1.14130657793233,0.912752918904678,1.42709015534535,0.132173727104421,0.246344541974423,"8"
"449",449,"avrate+age+meanIAT+refCountry","449",0.750950051942664,0.712979883887651,1.26719318953443,1.01405054815553,1.58352912734304,0.236804367643155,0.0372806334714098,"4"
"451",451,"avrate+position+age+meanIAT+refCountry","451",0.750942966639307,0.715678150715936,1.29483795533854,1.03534670035357,1.61936608289062,0.258385556309249,0.0235508663338144,"5"
"453",453,"avrate+yellowCards+age+meanIAT+refCountry","453",0.748587408678423,0.722809230144183,1.30438593588057,1.05081694214791,1.61914278451323,0.26573238281462,0.0159789365395958,"5"
"455",455,"avrate+position+yellowCards+age+meanIAT+refCountry","455",0.748560342776019,0.725136296000829,1.34242200862594,1.08061230646235,1.6676627116555,0.294475451579975,0.0078054491818354,"6"
"457",457,"avrate+height+age+meanIAT+refCountry","457",0.750851822686506,0.713781554508901,1.28646328460882,1.03068844438456,1.60571100962982,0.251896813357541,0.0259322194135864,"5"
"459",459,"avrate+position+height+age+meanIAT+refCountry","459",0.750867235338915,0.716047685584498,1.29934425555718,1.03970274108887,1.62382518361095,0.26185971840336,0.0213193508560432,"6"
"461",461,"avrate+yellowCards+height+age+meanIAT+refCountry","461",0.748421996547244,0.724202009199519,1.32751546707401,1.07177080232126,1.64428561732034,0.283309125345941,0.00946504099598399,"6"
"463",463,"avrate+position+yellowCards+height+age+meanIAT+refCountry","463",0.748475851084891,0.725632672902886,1.3470314139431,1.08537629719037,1.67176456206626,0.297903218569134,0.00686257022364545,"7"
"465",465,"avrate+weight+age+meanIAT+refCountry","465",0.750828943215753,0.713724810263491,1.26486575084253,1.01342171034258,1.57869655971116,0.234965990731558,0.0377216804483045,"5"
"467",467,"avrate+position+weight+age+meanIAT+refCountry","467",0.750860599512754,0.716063239153434,1.28642418369291,1.02919639149581,1.60794110246032,0.251866418778378,0.0269115269296772,"6"
"469",469,"avrate+yellowCards+weight+age+meanIAT+refCountry","469",0.748411896976409,0.724025004549551,1.29713493520512,1.0469849303419,1.60705182220736,0.260157936318517,0.0173124409253733,"6"
"471",471,"avrate+position+yellowCards+weight+age+meanIAT+refCountry","471",0.748484022151028,0.725557808251296,1.33224386252969,1.07306479963564,1.65402286036287,0.286864635338352,0.00935440456591228,"7"
"473",473,"avrate+height+weight+age+meanIAT+refCountry","473",0.750832995997101,0.713845337070623,1.28056706972937,1.02558443966801,1.59894393542681,0.247303003051778,0.0290388428333529,"6"
"475",475,"avrate+position+height+weight+age+meanIAT+refCountry","475",0.750852357453822,0.71611257829468,1.29322359286381,1.03437644669489,1.61684584609737,0.257138010488539,0.0240347807763465,"7"
"477",477,"avrate+yellowCards+height+weight+age+meanIAT+refCountry","477",0.748402295757341,0.724284031933549,1.31996370304639,1.06521747436364,1.63563236549493,0.277604238528083,0.0111661924805812,"7"
"479",479,"avrate+position+yellowCards+height+weight+age+meanIAT+refCountry","479",0.748468731436313,0.725668940646497,1.34265043593856,1.08128166508322,1.66719759646276,0.294645597688048,0.00764337285070216,"8"
"481",481,"avrate+club+age+meanIAT+refCountry","481",0.780035526095259,0.752856266253031,1.138064896785,0.903751813895255,1.43312764564405,0.12932936113,0.271524866072139,"5"
"483",483,"avrate+position+club+age+meanIAT+refCountry","483",0.779950587559303,0.755066494072554,1.15123943333578,0.913309817495798,1.45115294665426,0.140839130118141,0.233144945511704,"6"
"485",485,"avrate+yellowCards+club+age+meanIAT+refCountry","485",0.778045378403789,0.760829280529273,1.17449571907816,0.939765475293221,1.46785578998048,0.160838880221432,0.157404591836052,"6"
"487",487,"avrate+position+yellowCards+club+age+meanIAT+refCountry","487",0.777908781602184,0.762818351683321,1.19241090186408,0.953192029329166,1.49166559846809,0.175977225571058,0.123475250738098,"7"
"489",489,"avrate+height+club+age+meanIAT+refCountry","489",0.779982371201857,0.753981635086019,1.14640827906752,0.912034936738248,1.44101052424019,0.136633819302258,0.24163917221859,"6"
"491",491,"avrate+position+height+club+age+meanIAT+refCountry","491",0.77991349086417,0.755657466851654,1.14677648865336,0.910795335468252,1.44389882525256,0.136954953119459,0.243983727458511,"7"
"493",493,"avrate+yellowCards+height+club+age+meanIAT+refCountry","493",0.777927845725904,0.762500341156093,1.18225461378197,0.948716350810712,1.47328120846062,0.167423305077662,0.135936225849055,"7"
"495",495,"avrate+position+yellowCards+height+club+age+meanIAT+refCountry","495",0.777864282674516,0.763524521358424,1.18726176066341,0.950431505516849,1.48310581052028,0.171649614200019,0.130506419299921,"8"
"497",497,"avrate+weight+club+age+meanIAT+refCountry","497",0.779994867216127,0.753869385508225,1.11118714912107,0.883548495204897,1.39747494005462,0.105428947525278,0.367371589021364,"6"
"499",499,"avrate+position+weight+club+age+meanIAT+refCountry","499",0.779927546815659,0.755614465845987,1.12049400102302,0.889063674615998,1.41216747706046,0.113769660405175,0.335138738521268,"7"
"501",501,"avrate+yellowCards+weight+club+age+meanIAT+refCountry","501",0.777952919213961,0.762265265140948,1.13754792693243,0.91207475342243,1.41876011940102,0.128875004522343,0.252865446731632,"7"
"503",503,"avrate+position+yellowCards+weight+club+age+meanIAT+refCountry","503",0.777891102165659,0.763383185723187,1.16018938075618,0.927664358902265,1.45099829081741,0.148583251065502,0.192914283606482,"8"
"505",505,"avrate+height+weight+club+age+meanIAT+refCountry","505",0.779984468181707,0.754057272842948,1.13228818497389,0.899739464049404,1.42494198049434,0.124240527746538,0.289495101658925,"7"
"507",507,"avrate+position+height+weight+club+age+meanIAT+refCountry","507",0.779916966949498,0.755721388711636,1.13166506279162,0.897558790232172,1.42683223459032,0.12369005507346,0.295560886841973,"8"
"509",509,"avrate+yellowCards+height+weight+club+age+meanIAT+refCountry","509",0.777928547035032,0.762587832528202,1.16582134259382,0.934384224912763,1.45458299338706,0.153425853713255,0.174187528148339,"8"
"511",511,"avrate+position+yellowCards+height+weight+club+age+meanIAT+refCountry","511",0.777871212814371,0.763560525240431,1.17551134810822,0.939660713040392,1.47055943741664,0.161703242807804,0.156992676737695,"9"
"513",513,"avrate+victories","513",0.199770365213472,0.0339582020686506,1.29949631111825,1.03513938001541,1.63136549068859,0.261976736402224,0.0239719936723238,"2"
"515",515,"avrate+position+victories","515",0.201913081205215,0.0458639659366133,1.36113181952387,1.08336595205572,1.71011450618771,0.308316573882846,0.00810746148919864,"3"
"517",517,"avrate+yellowCards+victories","517",0.182497652527996,0.0395402570496432,1.31132050013986,1.05141743023775,1.63546979975235,0.271034644880661,0.016179565757681,"3"
"519",519,"avrate+position+yellowCards+victories","519",0.18521101938978,0.0515812185913386,1.37958185144889,1.10528751634809,1.72194660366339,0.321780447057002,0.00444033389761558,"4"
"521",521,"avrate+height+victories","521",0.200444983046009,0.0363672234288494,1.32922234924804,1.06000512261779,1.66681463706244,0.284594071416564,0.0137157753041152,"3"
"523",523,"avrate+position+height+victories","523",0.201993614161921,0.0461962229793958,1.36770140210974,1.08906350638454,1.71762905869738,0.313131522063681,0.00706026712811709,"4"
"525",525,"avrate+yellowCards+height+victories","525",0.182924078669983,0.0427374350066204,1.34424996244011,1.07962728163617,1.67373314129457,0.295836208766499,0.00817013535528389,"4"
"527",527,"avrate+position+yellowCards+height+victories","527",0.185271289272803,0.052018842919491,1.38638938563897,1.11130678418157,1.72956338967004,0.326702803330349,0.00378887807359779,"5"
"529",529,"avrate+weight+victories","529",0.200431633058601,0.0363954343896413,1.30879626595586,1.0439471995706,1.64083745469556,0.269107833833436,0.0196590859676254,"3"
"531",531,"avrate+position+weight+victories","531",0.202075261912651,0.0463695861600719,1.3583679828394,1.08175034970201,1.70572034232433,0.306283966538193,0.00838039936816189,"4"
"533",533,"avrate+yellowCards+weight+victories","533",0.183113590895117,0.0425470973746027,1.3204244705518,1.06049965320645,1.64405596660068,0.27795325350603,0.0129495252201011,"4"
"535",535,"avrate+position+yellowCards+weight+victories","535",0.185450013650922,0.0520867607094353,1.37676937104531,1.10357771449642,1.71758986807146,0.319739719186991,0.00460685739021833,"5"
"537",537,"avrate+height+weight+victories","537",0.200527173142468,0.0366803599191183,1.32092062190249,1.05322076020304,1.6566624541572,0.278328934334667,0.0160091096031328,"4"
"539",539,"avrate+position+height+weight+victories","539",0.202071668662894,0.0463761425423993,1.36055955922342,1.08311607302011,1.70907104077281,0.307896055734941,0.00814133792093281,"5"
"541",541,"avrate+yellowCards+height+weight+victories","541",0.183089915427421,0.0430399592484762,1.33606967553293,1.0728622045754,1.66385037171213,0.289732226099574,0.00964687625968222,"5"
"543",543,"avrate+position+yellowCards+height+weight+victories","543",0.185406017754816,0.0521301408443005,1.38087316638302,1.10656609941215,1.72317831049553,0.322716028343407,0.00428783382792812,"6"
"545",545,"avrate+club+victories","545",0.420111662244069,0.33330154081326,1.12122585886693,0.887917283369645,1.41583844592035,0.114422603605624,0.336415198915041,"3"
"547",547,"avrate+position+club+victories","547",0.420143571503515,0.340295236555047,1.16266774271593,0.919752936823008,1.46973847631464,0.150717142879284,0.207519589341721,"4"
"549",549,"avrate+yellowCards+club+victories","549",0.412363350423349,0.339387997161162,1.13260389851552,0.90229761228421,1.42169454231969,0.124519316785514,0.283018385078592,"4"
"551",551,"avrate+position+yellowCards+club+victories","551",0.412626822334935,0.34653872462835,1.17690337550027,0.936646950500435,1.47878723624081,0.162886731025727,0.16206181252038,"5"
"553",553,"avrate+height+club+victories","553",0.420152255822669,0.337329203791417,1.13656915098632,0.902122431054204,1.43194470119117,0.128014208025937,0.277447702709797,"4"
"555",555,"avrate+position+height+club+victories","555",0.420096327654816,0.341889261559342,1.15954126004957,0.918403306053741,1.46399291563381,0.148024461426673,0.21335345449293,"5"
"557",557,"avrate+yellowCards+height+club+victories","557",0.41228238614847,0.344415177484347,1.14782028588294,0.917135485302775,1.43652865884852,0.137864740244725,0.22846092853135,"5"
"559",559,"avrate+position+yellowCards+height+club+victories","559",0.41262070060936,0.348397314906279,1.17352988050131,0.935248155128857,1.47252082014496,0.160016198704249,0.167015198977203,"6"
"561",561,"avrate+weight+club+victories","561",0.420347132474649,0.337369220296977,1.09316218218801,0.867345807175444,1.37777060392744,0.0890745807924699,0.450555206036578,"4"
"563",563,"avrate+position+weight+club+victories","563",0.42027107467654,0.342041451313481,1.12839422940349,0.8929605268012,1.42590125625405,0.120795586169046,0.311663916398732,"5"
"565",565,"avrate+yellowCards+weight+club+victories","565",0.412511684531175,0.344214269484384,1.10033920447767,0.878698283820233,1.37788634301947,0.0956184999757451,0.404743685414107,"5"
"567",567,"avrate+position+yellowCards+weight+club+victories","567",0.412845151464045,0.348360535431434,1.14280982989192,0.909837222149268,1.4354373238462,0.133489992922998,0.25112244463464,"6"
"569",569,"avrate+height+weight+club+victories","569",0.420297289327654,0.337850491875254,1.11330938544647,0.882734072673526,1.40411232113117,0.107337008011133,0.364655853339009,"5"
"571",571,"avrate+position+height+weight+club+victories","571",0.420215708410185,0.342215989244641,1.13744847601893,0.899675268914074,1.43806224345748,0.128787575009549,0.281760687706795,"6"
"573",573,"avrate+yellowCards+height+weight+club+victories","573",0.412426797474749,0.344936037324912,1.12397075175326,0.897129945714369,1.40816863469075,0.116867729561101,0.309571309124175,"6"
"575",575,"avrate+position+yellowCards+height+weight+club+victories","575",0.412763230862817,0.348647739400337,1.15407694680661,0.918434629859541,1.45017789600786,0.143300844204956,0.218778340519313,"7"
"577",577,"avrate+age+victories","577",0.204688129999172,0.0424723892748607,1.31866361127829,1.05022589999299,1.65571399421887,0.276618808061076,0.0172214682453101,"3"
"579",579,"avrate+position+age+victories","579",0.206261230723011,0.0523703886676382,1.3618781502376,1.083520364144,1.71174641240806,0.308864739876143,0.00810741824723657,"4"
"581",581,"avrate+yellowCards+age+victories","581",0.187722209711108,0.0473494409740246,1.32883932972951,1.0650453636086,1.65797065981587,0.284305876809033,0.0117985655826013,"4"
"583",583,"avrate+position+yellowCards+age+victories","583",0.189638575304023,0.0569609376995114,1.37896942955498,1.10403283095368,1.72237331565999,0.321336430004873,0.00462154422432682,"5"
"585",585,"avrate+height+age+victories","585",0.204920609295328,0.0441198940017845,1.34398127939104,1.07144644915766,1.68583850436354,0.295636312979424,0.010564363817914,"4"
"587",587,"avrate+position+height+age+victories","587",0.206281171755103,0.0526762693018514,1.36832009250639,1.08913204615262,1.71907518667791,0.31358377758025,0.00707535859805694,"5"
"589",589,"avrate+yellowCards+height+age+victories","589",0.187630037757711,0.0497162719614528,1.35754173352069,1.08974491150778,1.69114766106179,0.305675515278403,0.00639975513272237,"5"
"591",591,"avrate+position+yellowCards+height+age+victories","591",0.189635251791565,0.0573733654412646,1.38564547741274,1.10996237666862,1.72980042335939,0.326166079745804,0.00395549949290411,"6"
"593",593,"avrate+weight+age+victories","593",0.204679133685461,0.0436514496404065,1.32453878223178,1.05602437051136,1.66132812331453,0.281064309959511,0.0150342148292547,"4"
"595",595,"avrate+position+weight+age+victories","595",0.206229559727561,0.0526052818283352,1.35953149307231,1.08211932604292,1.70806105775261,0.307140150009505,0.00834583257749187,"5"
"597",597,"avrate+yellowCards+weight+age+victories","597",0.187562933303809,0.0490230949567839,1.33476496034067,1.07131952635936,1.66299358456351,0.288755216681981,0.0100504419759039,"5"
"599",599,"avrate+position+yellowCards+weight+age+victories","599",0.189672704872566,0.0572256178710189,1.37662187413044,1.1026011221786,1.71874284019406,0.319632580824236,0.00476610437024173,"6"
"601",601,"avrate+height+weight+age+victories","601",0.204869191842769,0.0441279246651168,1.34001957928805,1.06804112015471,1.68125780832784,0.292684225265068,0.0114493375347495,"5"
"603",603,"avrate+position+height+weight+age+victories","603",0.206261568996122,0.0526875048280417,1.36502912521219,1.08622070788826,1.71540139047803,0.311175765561078,0.00759750996138971,"6"
"605",605,"avrate+yellowCards+height+weight+age+victories","605",0.18761153160316,0.0497341674779109,1.35353744838553,1.08627512924923,1.68655580418952,0.302721497502939,0.00698982164526824,"6"
"607",607,"avrate+position+yellowCards+height+weight+age+victories","607",0.189648006077402,0.0573758295672969,1.38370345487671,1.10808809122597,1.72787278033052,0.324763567529508,0.00416241122846976,"7"
"609",609,"avrate+club+age+victories","609",0.422231504214368,0.335300462173624,1.15650577860523,0.915207122726365,1.46142395828707,0.145403199309149,0.223283741299752,"4"
"611",611,"avrate+position+club+age+victories","611",0.421908772835619,0.341466154092115,1.18080177515311,0.933517482715121,1.49359048761406,0.16619367821076,0.165696880149649,"5"
"613",613,"avrate+yellowCards+club+age+victories","613",0.414501671183681,0.341007220282759,1.16505168701345,0.927392166173038,1.46361537537468,0.15276545256865,0.189387678034546,"5"
"615",615,"avrate+position+yellowCards+club+age+victories","615",0.414283874147848,0.347256106483996,1.19197645911179,0.947950935454547,1.49882006118324,0.175612819380855,0.132940870173009,"6"
"617",617,"avrate+height+club+age+victories","617",0.422098193495282,0.338947444997984,1.16753976053854,0.926008834953502,1.47206920818075,0.15489876611681,0.190229482048633,"5"
"619",619,"avrate+position+height+club+age+victories","619",0.421850473539875,0.343072531641541,1.17773364833018,0.932267804701632,1.4878305776665,0.163591954680936,0.170115740180298,"6"
"621",621,"avrate+yellowCards+height+club+age+victories","621",0.414182236340718,0.345681359772265,1.1760198928158,0.93891129009488,1.47300687816707,0.162135764993057,0.15815908070143,"6"
"623",623,"avrate+position+yellowCards+height+club+age+victories","623",0.414252111938816,0.34913016897674,1.18869693535417,0.946689783838089,1.49256961281633,0.172857694852021,0.136676433994939,"7"
"625",625,"avrate+weight+club+age+victories","625",0.422094473089626,0.338624980665325,1.1246539631392,0.891468598897513,1.41883464921699,0.117475400020686,0.32173111643584,"5"
"627",627,"avrate+position+weight+club+age+victories","627",0.421887437317748,0.343005633399221,1.1482128346557,0.908011426344553,1.45195608272864,0.138206676755205,0.248446814289402,"6"
"629",629,"avrate+yellowCards+weight+club+age+victories","629",0.414208679033186,0.345147682425401,1.12867931301483,0.90042265914362,1.41479890437146,0.121048199659476,0.293689732421415,"6"
"631",631,"avrate+position+yellowCards+weight+club+age+victories","631",0.414335401133599,0.348911761573589,1.15936393134408,0.922307229287333,1.45735030868206,0.147871519679421,0.205157451281503,"7"
"633",633,"avrate+height+weight+club+age+victories","633",0.422102063071335,0.339227486097833,1.14999641481914,0.910869239005478,1.45190077506715,0.139758824821726,0.239973385701551,"6"
"635",635,"avrate+position+height+weight+club+age+victories","635",0.421866016104242,0.343271031712288,1.16128493760975,0.91784892099774,1.46928614880683,0.14952709690194,0.21284749724774,"7"
"637",637,"avrate+yellowCards+height+weight+club+age+victories","637",0.414181925999034,0.345994580727281,1.15735219500812,0.922780995462884,1.45155146223857,0.146134805527249,0.206031551641401,"7"
"639",639,"avrate+position+yellowCards+height+weight+club+age+victories","639",0.414291533318309,0.349291052939036,1.17435980677049,0.933818607547657,1.47686172090724,0.160723153812278,0.16931171091714,"8"
"641",641,"avrate+meanIAT+victories","641",0.199534106962376,0.0340747311499512,1.30656039726051,1.04064201365426,1.6404297052115,0.267398033199752,0.0212740474700943,"3"
"643",643,"avrate+position+meanIAT+victories","643",0.201635011728073,0.0460062507293195,1.36943190801587,1.08983101154069,1.72076563323412,0.314395988160598,0.00697083258221771,"4"
"645",645,"avrate+yellowCards+meanIAT+victories","645",0.182457183318103,0.0396507478211547,1.31771982420285,1.05636049528668,1.64374334599286,0.275902837005384,0.0144425169981605,"4"
"647",647,"avrate+position+yellowCards+meanIAT+victories","647",0.185144050345007,0.0517165745618883,1.38718701693878,1.11116849670741,1.73176959719927,0.327277967815495,0.003838034716984,"5"
"649",649,"avrate+height+meanIAT+victories","649",0.200117437379394,0.0365030168496989,1.33745302428625,1.06646217295305,1.67730336578116,0.290767077142263,0.0118369013243675,"4"
"651",651,"avrate+position+height+meanIAT+victories","651",0.201674498372715,0.0463427711633251,1.37650805455317,1.09595137063823,1.72888549164944,0.319549897056831,0.00599899626808323,"5"
"653",653,"avrate+yellowCards+height+meanIAT+victories","653",0.182809720825756,0.0428733507532287,1.35189738685871,1.08559363746578,1.68352731770042,0.301509077446571,0.00706663002441107,"5"
"655",655,"avrate+position+yellowCards+height+meanIAT+victories","655",0.185172306381976,0.0521636416338783,1.39452101461407,1.11762720660606,1.74001567669937,0.332550997612645,0.00323273238164009,"6"
"657",657,"avrate+weight+meanIAT+victories","657",0.200162183146173,0.0365256197664716,1.31626712177414,1.04979209261413,1.65038310733438,0.274799792376992,0.0172662776530586,"4"
"659",659,"avrate+position+weight+meanIAT+victories","659",0.201781386063663,0.0465140300271955,1.36673738481503,1.08828447100358,1.71643639950908,0.312426428690035,0.00719248412631295,"5"
"661",661,"avrate+yellowCards+weight+meanIAT+victories","661",0.183051047026747,0.0426737743963023,1.32726650923326,1.06581476342043,1.65285417972517,0.283121571080694,0.0114253008711054,"5"
"663",663,"avrate+position+yellowCards+weight+meanIAT+victories","663",0.185372804561871,0.0522269918158659,1.38445615634881,1.10953762798355,1.72749332741019,0.325307395629301,0.00397319721115858,"6"
"665",665,"avrate+height+weight+meanIAT+victories","665",0.200223235009694,0.0368151536035757,1.32914035436885,1.05965732447925,1.6671560143086,0.284532383160775,0.0138476938355268,"5"
"667",667,"avrate+position+height+weight+meanIAT+victories","667",0.201767850436982,0.0465202470887437,1.36939513721446,1.09001496097865,1.72038284698675,0.314369136664824,0.00692734143509935,"6"
"669",669,"avrate+yellowCards+height+weight+meanIAT+victories","669",0.182991439938263,0.0431740981929035,1.34368832684229,1.07879483147303,1.67362529650513,0.295418315537159,0.00836505092451139,"6"
"671",671,"avrate+position+yellowCards+height+weight+meanIAT+victories","671",0.185312945829604,0.0522727994651743,1.38904176788483,1.11290624340097,1.73369234324032,0.328614133791535,0.0036614451681515,"7"
"673",673,"avrate+club+meanIAT+victories","673",0.420163348947444,0.333187896927173,1.12395733592524,0.890016804872158,1.41938903407742,0.116855793389216,0.3263889485518,"4"
"675",675,"avrate+position+club+meanIAT+victories","675",0.420198317075404,0.340183829046842,1.16590373953976,0.922228388642336,1.47396409242395,0.153496528379498,0.199436953527957,"5"
"677",677,"avrate+yellowCards+club+meanIAT+victories","677",0.412418078610477,0.339275386395987,1.13488672058176,0.904026673233812,1.4247011804924,0.126532840297616,0.275515779438044,"5"
"679",679,"avrate+position+yellowCards+club+meanIAT+victories","679",0.412689124367383,0.346424962048448,1.17959376180809,0.938673122427152,1.48234929673779,0.165170109549009,0.156479903010716,"6"
"681",681,"avrate+height+club+meanIAT+victories","681",0.420207534565382,0.337216008779496,1.1395783284638,0.904458843016486,1.43581853030837,0.130658306668758,0.267763711004241,"5"
"683",683,"avrate+position+height+club+meanIAT+victories","683",0.420149422556722,0.341779843559407,1.16291044527933,0.92099953867625,1.46836197733986,0.150925867372425,0.20466895725781,"6"
"685",685,"avrate+yellowCards+height+club+meanIAT+victories","685",0.412344975644414,0.344296066027613,1.15038778865061,0.919106184135352,1.43986852348449,0.140099093055745,0.221189203836927,"6"
"687",687,"avrate+position+yellowCards+height+club+meanIAT+victories","687",0.412684554121769,0.348281635459671,1.17636858564001,0.93740582941517,1.47624753959981,0.162432223532927,0.160905399620629,"7"
"689",689,"avrate+weight+club+meanIAT+victories","689",0.420412567931792,0.337265047123669,1.09592830842125,0.869484674461637,1.38134563204663,0.0916017743619611,0.437937643705725,"5"
"691",691,"avrate+position+weight+club+meanIAT+victories","691",0.420331354742637,0.341938638457444,1.1315839534615,0.895411431252064,1.43004902443679,0.123618379946626,0.300660803922265,"6"
"693",693,"avrate+yellowCards+weight+club+meanIAT+victories","693",0.412581939617975,0.344107487237541,1.1026807151998,0.880486873162529,1.38094592518598,0.0977442289198524,0.394573550759627,"6"
"695",695,"avrate+position+yellowCards+weight+club+meanIAT+victories","695",0.412914089447597,0.348252436664799,1.14548627227747,0.911865006909902,1.43896167747753,0.135829238795493,0.243145926123779,"7"
"697",697,"avrate+height+weight+club+meanIAT+victories","697",0.420358747061424,0.337742707076134,1.11627844944719,0.885032273364268,1.40794591813416,0.110000339510613,0.353008464778701,"6"
"699",699,"avrate+position+height+weight+club+meanIAT+victories","699",0.42027326361376,0.342111485204969,1.14078043754895,0.902236125715697,1.44239403588729,0.131712622519778,0.271144213769214,"7"
"701",701,"avrate+yellowCards+height+weight+club+meanIAT+victories","701",0.412494560122898,0.344822966187914,1.12649209576999,0.899059349365005,1.41145792291525,0.119108464238818,0.30058485841533,"7"
"703",703,"avrate+position+yellowCards+height+weight+club+meanIAT+victories","703",0.412830202861835,0.348536478965184,1.15688173755279,0.920561490876292,1.45386850085284,0.145728228253284,0.211303632120063,"8"
"705",705,"avrate+age+meanIAT+victories","705",0.20455463116618,0.0426147303923271,1.32542138796942,1.05545883046707,1.66443427727955,0.281730437533957,0.0153313620400272,"4"
"707",707,"avrate+position+age+meanIAT+victories","707",0.206079830281357,0.0525248674074252,1.36974370272302,1.08961180438289,1.72189563622797,0.314623644034343,0.00703616703502399,"5"
"709",709,"avrate+yellowCards+age+meanIAT+victories","709",0.187751268308277,0.0474762360763517,1.33488067782432,1.0696790866151,1.66583272153836,0.288841907950711,0.010587128008673,"5"
"711",711,"avrate+position+yellowCards+age+meanIAT+victories","711",0.189629447984384,0.0571007917994375,1.38612781717008,1.10953418096627,1.73167294752417,0.326514116696124,0.00403705077009692,"6"
"713",713,"avrate+height+age+meanIAT+victories","713",0.20471006055683,0.0442777726362651,1.3518234224235,1.07756493502943,1.69588532997584,0.301454364374888,0.00916917253389368,"5"
"715",715,"avrate+position+height+age+meanIAT+victories","715",0.20606227426641,0.0528356476670513,1.37667986220696,1.09563455320959,1.72981715249319,0.319674703397119,0.00607091578175797,"6"
"717",717,"avrate+yellowCards+height+age+meanIAT+victories","717",0.187597571273498,0.0498650000058119,1.36475724792444,1.09533967001696,1.70044269987358,0.310976572473054,0.00557857224273073,"6"
"719",719,"avrate+position+yellowCards+height+age+meanIAT+victories","719",0.189597770668105,0.0575226918884361,1.3933191008548,1.11589211104301,1.73971847062553,0.331688743118873,0.00341244921862617,"7"
"721",721,"avrate+weight+age+meanIAT+victories","721",0.204512106716413,0.0437985781594388,1.33164896166746,1.06155680655362,1.6704607291503,0.286417995093127,0.0132690296465966,"5"
"723",723,"avrate+position+weight+age+meanIAT+victories","723",0.206033103742512,0.0527595806326675,1.36745637427483,1.08827194059271,1.71826256452632,0.312952352995131,0.00723160128766663,"6"
"725",725,"avrate+yellowCards+weight+age+meanIAT+victories","725",0.187568148711014,0.0491579764309228,1.34120481702911,1.07629084371475,1.67132366843664,0.293568327184991,0.00892762951042365,"6"
"727",727,"avrate+position+yellowCards+weight+age+meanIAT+victories","727",0.189653853255592,0.0573678406526951,1.38385188064089,1.10817322370654,1.72811072004431,0.324870828809827,0.00415513746228191,"7"
"729",729,"avrate+height+weight+age+meanIAT+victories","729",0.204667870509308,0.0442854655217976,1.34791459133856,1.07419249916531,1.6913856193887,0.298558650941689,0.00993924471433238,"6"
"731",731,"avrate+position+height+weight+age+meanIAT+victories","731",0.206049106909851,0.0528459521983973,1.37346282433395,1.09277229902495,1.72625178320366,0.317335159811899,0.00651728184057155,"7"
"733",733,"avrate+yellowCards+height+weight+age+meanIAT+victories","733",0.187585085392096,0.0498820598941469,1.36078957941862,1.09189027220403,1.69591059339366,0.308065104382525,0.00609547292526324,"7"
"735",735,"avrate+position+yellowCards+height+weight+age+meanIAT+victories","735",0.189612113773551,0.0575246841613019,1.39145581759283,1.11407207792903,1.73790307707207,0.330350549839636,0.00358843588720727,"8"
"737",737,"avrate+club+age+meanIAT+victories","737",0.422299712180877,0.335208858850279,1.15896530599013,0.91708632632328,1.46463919691602,0.147527629474824,0.216737612925222,"5"
"739",739,"avrate+position+club+age+meanIAT+victories","739",0.421975376850959,0.341374770190856,1.18376991139397,0.935775590058193,1.4974863824291,0.168704185984056,0.159564591951256,"6"
"741",741,"avrate+yellowCards+club+age+meanIAT+victories","741",0.414565133171947,0.340916259578161,1.16705523425718,0.92889626050381,1.46627559795359,0.1544836823105,0.184645743681606,"6"
"743",743,"avrate+position+yellowCards+club+age+meanIAT+victories","743",0.414350824410816,0.347160972379128,1.19441412688019,0.949773238585542,1.50206917665482,0.177655794768502,0.128693681190127,"7"
"745",745,"avrate+height+club+age+meanIAT+victories","745",0.42216975586261,0.338855086749828,1.17028732072418,0.928133022442364,1.47562082151089,0.157249291930018,0.183703515094328,"6"
"747",747,"avrate+position+height+club+age+meanIAT+victories","747",0.421916969792679,0.342983107484943,1.18084518814211,0.934654200021003,1.49188369166589,0.166230443222365,0.163478080379012,"7"
"749",749,"avrate+yellowCards+height+club+age+meanIAT+victories","749",0.414254019984098,0.345582678926921,1.17832856608419,0.940673054869668,1.47602634354442,0.164096964916254,0.15334591178177,"7"
"751",751,"avrate+position+yellowCards+height+club+age+meanIAT+victories","751",0.41432210461333,0.349033006389501,1.19129330848485,0.948651171711273,1.49599746372601,0.175039530821628,0.131983589498276,"8"
"753",753,"avrate+weight+club+age+meanIAT+victories","753",0.422171048266829,0.338538208943585,1.12716953189818,0.893407361635982,1.42209613239926,0.119709651338311,0.312742507478996,"6"
"755",755,"avrate+position+weight+club+age+meanIAT+victories","755",0.42195798492404,0.342920386544234,1.15114822596066,0.910257886679897,1.45578770315932,0.140759901605255,0.239978795424492,"7"
"757",757,"avrate+yellowCards+weight+club+age+meanIAT+victories","757",0.414283988813967,0.345057560138436,1.13077938501567,0.902019455208263,1.41755481014673,0.122907116228662,0.286524695436769,"7"
"759",759,"avrate+position+yellowCards+weight+club+age+meanIAT+victories","759",0.414408012804055,0.348820067054138,1.1618046506172,0.924146685767544,1.46057987003945,0.14997452950958,0.199004816218948,"8"
"761",761,"avrate+height+weight+club+age+meanIAT+victories","761",0.422176275827592,0.339137465355342,1.15271506205491,0.912967219151657,1.45542138470531,0.142120083300035,0.232245147035109,"7"
"763",763,"avrate+position+height+weight+club+age+meanIAT+victories","763",0.421934612858312,0.343184118576959,1.16436532506343,0.920207739765048,1.47330494150835,0.15217615321493,0.2050122638863,"8"
"765",765,"avrate+yellowCards+height+weight+club+age+meanIAT+victories","765",0.414256237327317,0.345898699433699,1.15962828202533,0.924515278250704,1.45453275257649,0.148099507234423,0.200171891996611,"8"
"767",767,"avrate+position+yellowCards+height+weight+club+age+meanIAT+victories","767",0.414363163731082,0.349196152601393,1.17692716479152,0.935755947953292,1.48025513944513,0.162906944283095,0.163796087783138,"9"
"769",769,"avrate+refCountry+victories","769",0.750688108957038,0.717470946012069,1.29797388182194,1.03429494475029,1.62887405226433,0.260804496216539,0.0243854878416189,"3"
"771",771,"avrate+position+refCountry+victories","771",0.7506751879425,0.720580763151073,1.35332073572815,1.07771210623108,1.69941211865637,0.302561376326948,0.00921145319547935,"4"
"773",773,"avrate+yellowCards+refCountry+victories","773",0.74919768021829,0.72120577405171,1.30264800899459,1.04389301184456,1.62554190523716,0.264399122734259,0.0192748340021047,"4"
"775",775,"avrate+position+yellowCards+refCountry+victories","775",0.749195783116282,0.724077610896572,1.36341189270895,1.09185475507618,1.70250848891572,0.309990302740356,0.0062301570297979,"5"
"777",777,"avrate+height+refCountry+victories","777",0.750504526563946,0.718957501003302,1.32755392204799,1.05998760271767,1.66266040416552,0.283338092554205,0.013615246314258,"4"
"779",779,"avrate+position+height+refCountry+victories","779",0.750541486297759,0.721221785403754,1.35956317224064,1.08393902508599,1.70527306106207,0.30716345127131,0.00787831022388586,"5"
"781",781,"avrate+yellowCards+height+refCountry+victories","781",0.748969707739105,0.723025274419367,1.3334838660619,1.07138530641332,1.65970095949908,0.287794965625535,0.0099516188616936,"5"
"783",783,"avrate+position+yellowCards+height+refCountry+victories","783",0.749067906229641,0.724757456162582,1.36944543415302,1.09805658440402,1.70790906749167,0.314405865300363,0.00526979871584613,"6"
"785",785,"avrate+weight+refCountry+victories","785",0.750500327490294,0.718967642486452,1.29609007772142,1.03493404247652,1.62314642346497,0.259352099929436,0.0238797248851659,"4"
"787",787,"avrate+position+weight+refCountry+victories","787",0.75054361617817,0.721295607771531,1.33980491585729,1.06800822176104,1.68077096784465,0.29252401818314,0.0114474356708654,"5"
"789",789,"avrate+yellowCards+weight+refCountry+victories","789",0.748981213839412,0.722945517188244,1.29847561521504,1.04312154026027,1.61633985900376,0.261190972749139,0.0193954500304449,"5"
"791",791,"avrate+position+yellowCards+weight+refCountry+victories","791",0.749085948647629,0.724747183791941,1.34971239921152,1.08188236480819,1.68384624783888,0.299891532133508,0.00787578343554295,"6"
"793",793,"avrate+height+weight+refCountry+victories","793",0.750479905345707,0.719143806828367,1.31453371375816,1.04929009823109,1.64682663785726,0.273482012449748,0.0173881135890074,"5"
"795",795,"avrate+position+height+weight+refCountry+victories","795",0.750523209097139,0.721366480206695,1.34741914184967,1.07381121813098,1.69074257482888,0.2981910159521,0.0100267712719986,"6"
"797",797,"avrate+yellowCards+height+weight+refCountry+victories","797",0.74894810566504,0.723208409544715,1.32020873931853,1.06039118348205,1.6436869171711,0.277789859943497,0.0129775031710527,"6"
"799",799,"avrate+position+yellowCards+height+weight+refCountry+victories","799",0.749059048224173,0.724857113816813,1.3591396677848,1.08926068744248,1.69588479400962,0.306851902356855,0.00658735696542912,"7"
"801",801,"avrate+club+refCountry+victories","801",0.779779802272052,0.757584543970112,1.1570596387985,0.917361873231204,1.45938810713916,0.145881992949207,0.218057202588119,"4"
"803",803,"avrate+position+club+refCountry+victories","803",0.779611370346157,0.760102446452328,1.19487507557762,0.94644448190951,1.50851579096969,0.178041640653273,0.134362509000347,"5"
"805",805,"avrate+yellowCards+club+refCountry+victories","805",0.778542120211451,0.760357980763419,1.16548621619388,0.929224335932786,1.46181935579029,0.153138352906261,0.185206881596774,"5"
"807",807,"avrate+position+yellowCards+club+refCountry+victories","807",0.778372817820432,0.762711757919211,1.20559854797628,0.960264941099428,1.5136112927526,0.186976163930184,0.107248467205721,"6"
"809",809,"avrate+height+club+refCountry+victories","809",0.779651051117956,0.759168935026254,1.17181188879677,0.931415400077453,1.47425423995704,0.158551173832992,0.175910525751667,"5"
"811",811,"avrate+position+height+club+refCountry+victories","811",0.779531254983929,0.760861769967471,1.19003092661373,0.944012117489116,1.50016464837747,0.173979295536768,0.140922410656629,"6"
"813",813,"avrate+yellowCards+height+club+refCountry+victories","813",0.778358449510888,0.762264717708253,1.1795309368978,0.943465663592507,1.47466228479505,0.165116848345531,0.147282862906064,"6"
"815",815,"avrate+position+yellowCards+height+club+refCountry+victories","815",0.778293808872083,0.763526481482872,1.20034639914192,0.957644707234806,1.50455744917483,0.182610181089555,0.113091196379841,"7"
"817",817,"avrate+weight+club+refCountry+victories","817",0.779688920304798,0.759041981544527,1.12618022026851,0.894657694886519,1.41761692295611,0.118831570434732,0.311541830082697,"5"
"819",819,"avrate+position+weight+club+refCountry+victories","819",0.779562523241917,0.76082445009529,1.1565356025673,0.916527652281727,1.45939361095736,0.145428986968908,0.220396527529701,"6"
"821",821,"avrate+yellowCards+weight+club+refCountry+victories","821",0.778403745989111,0.762056035777649,1.13018731000152,0.903324483488969,1.4140249478847,0.122383380050692,0.284365838442458,"6"
"823",823,"avrate+position+yellowCards+weight+club+refCountry+victories","823",0.778335733105024,0.763411836243261,1.16760496959231,0.930441235178267,1.46522027772712,0.154954616234322,0.181023872709395,"7"
"825",825,"avrate+height+weight+club+refCountry+victories","825",0.779659313747832,0.759285896734247,1.14982153618215,0.912959513322059,1.44813602988536,0.139606744404009,0.235538435098155,"6"
"827",827,"avrate+position+height+weight+club+refCountry+victories","827",0.77953988850917,0.760947130209024,1.16854226114399,0.925711423228396,1.47507201684668,0.155757041346611,0.190030350835832,"7"
"829",829,"avrate+yellowCards+height+weight+club+refCountry+victories","829",0.778362549626518,0.762384644343138,1.15711015145908,0.924543291726196,1.4481787003287,0.145925648052476,0.202430454471835,"7"
"831",831,"avrate+position+yellowCards+height+weight+club+refCountry+victories","831",0.778306085603178,0.763581277151855,1.18173946266042,0.941472487463394,1.48332338565894,0.166987473926618,0.149891234861784,"8"
"833",833,"avrate+age+refCountry+victories","833",0.750952654414154,0.718319592084792,1.33522964803189,1.06346226258019,1.67644708770182,0.289103298055964,0.0127783819938025,"4"
"835",835,"avrate+position+age+refCountry+victories","835",0.75092997070114,0.721093560570661,1.37126283570496,1.09139852016313,1.72289198660866,0.315732093150519,0.00671004193542307,"5"
"837",837,"avrate+yellowCards+age+refCountry+victories","837",0.749470563997637,0.721853069563275,1.33796173967162,1.07153442428704,1.67063379043207,0.291147366133973,0.0101757765678355,"5"
"839",839,"avrate+position+yellowCards+age+refCountry+victories","839",0.749457309522722,0.724345306852479,1.3791523612312,1.10364737034827,1.7234320368918,0.321469079460095,0.00469370723285706,"6"
"841",841,"avrate+height+age+refCountry+victories","841",0.750766905396525,0.719557098854172,1.35917443352856,1.08452277547222,1.70338067815432,0.306877481257945,0.00771115692146909,"5"
"843",843,"avrate+position+height+age+refCountry+victories","843",0.750794611707549,0.721694359684552,1.37693456625485,1.09715570795132,1.72805809239936,0.319859699557793,0.00577928039115203,"6"
"845",845,"avrate+yellowCards+height+age+refCountry+victories","845",0.74922954861178,0.723438125808171,1.36315944199267,1.09440791778287,1.69790773083792,0.309805124590945,0.00568941531328065,"6"
"847",847,"avrate+position+yellowCards+height+age+refCountry+victories","847",0.749324968164141,0.724991943154932,1.38462671493685,1.10939762908501,1.72813704433282,0.325430583411092,0.00400039839912403,"7"
"849",849,"avrate+weight+age+refCountry+victories","849",0.750766091954984,0.719397024254129,1.32911587508632,1.06037469555373,1.66596677270195,0.284513965611511,0.0135641003310024,"5"
"851",851,"avrate+position+weight+age+refCountry+victories","851",0.750805982622594,0.721642634772193,1.3588399828825,1.0823763094029,1.70591880387582,0.306631382013051,0.00824135676471427,"6"
"853",853,"avrate+yellowCards+weight+age+refCountry+victories","853",0.749242378215306,0.723193419126147,1.32941469174894,1.06694351754422,1.65645452976351,0.284738763977651,0.0111679099272873,"6"
"855",855,"avrate+position+yellowCards+weight+age+refCountry+victories","855",0.749347859830951,0.724877912971871,1.36652266288272,1.09438298253506,1.70633518427564,0.312269310868089,0.00585226630331026,"7"
"857",857,"avrate+height+weight+age+refCountry+victories","857",0.750748953179684,0.719624631260547,1.35204569012244,1.07831640217571,1.69526082000632,0.301618771519013,0.00896877880325164,"6"
"859",859,"avrate+position+height+weight+age+refCountry+victories","859",0.750780887077893,0.721756138598262,1.37027953753647,1.09127633614057,1.72061461318932,0.315014761023719,0.00668916861501344,"7"
"861",861,"avrate+yellowCards+height+weight+age+refCountry+victories","861",0.749211146394573,0.723513082010987,1.35549007649139,1.08771859408716,1.68918078394035,0.304163069008643,0.00675322722392601,"7"
"863",863,"avrate+position+yellowCards+height+weight+age+refCountry+victories","863",0.749317269739471,0.725032195333414,1.37951299012961,1.10466584971761,1.72274366082994,0.321730531180061,0.00453896742906329,"8"
"865",865,"avrate+club+age+refCountry+victories","865",0.779866581507559,0.757930747269856,1.19510805191399,0.946819858031724,1.50850580882281,0.178236601307536,0.133600192694321,"5"
"867",867,"avrate+position+club+age+refCountry+victories","867",0.77970373073911,0.760231524687969,1.21473118748639,0.961517680299458,1.53462789929409,0.194522807447084,0.102902267092932,"6"
"869",869,"avrate+yellowCards+club+age+refCountry+victories","869",0.778642868459815,0.760580331964887,1.20063318652121,0.956464257729694,1.50713425716266,0.18284907306712,0.114968271248557,"6"
"871",871,"avrate+position+yellowCards+club+age+refCountry+victories","871",0.778478793116508,0.762709774726073,1.22235187626337,0.972850988172788,1.53584066580524,0.200776770415124,0.0847678787548535,"7"
"873",873,"avrate+height+club+age+refCountry+victories","873",0.779744326770296,0.759385058772625,1.20498250903841,0.957000072523856,1.51722334070388,0.186465051516447,0.112716037728702,"6"
"875",875,"avrate+position+height+club+age+refCountry+victories","875",0.779621328919943,0.760989427074832,1.20984620797807,0.959114117527839,1.52612480643257,0.190493250686082,0.107910211625858,"7"
"877",877,"avrate+yellowCards+height+club+age+refCountry+victories","877",0.778456373677753,0.762383357904839,1.20984446951851,0.966906170008275,1.51382180177007,0.190491813758976,0.0957752164170511,"7"
"879",879,"avrate+position+yellowCards+height+club+age+refCountry+victories","879",0.778394610526734,0.763529940003623,1.21710508305277,0.970309700199853,1.52667213662584,0.196475156253772,0.0892650582523806,"8"
"881",881,"avrate+weight+club+age+refCountry+victories","881",0.779777205229772,0.75917132938493,1.16029692333323,0.920810215526854,1.46206995491059,0.14867594075467,0.207488201604761,"6"
"883",883,"avrate+position+weight+club+age+refCountry+victories","883",0.77965026603887,0.760891539446204,1.17818578828337,0.932976382060374,1.48784232742032,0.163975787805038,0.168430033824902,"7"
"885",885,"avrate+yellowCards+weight+club+age+refCountry+victories","885",0.778498946358719,0.762094149633359,1.1611156041764,0.92707744401461,1.45423605650866,0.149381270692724,0.193368673492377,"7"
"887",887,"avrate+position+yellowCards+weight+club+age+refCountry+victories","887",0.778432874574362,0.763367995843768,1.18599774732453,0.944323346608569,1.48952227191086,0.170584401184632,0.142313438832175,"8"
"889",889,"avrate+height+weight+club+age+refCountry+victories","889",0.779746926840287,0.759452367301681,1.18958818675339,0.943490471913965,1.49987741920966,0.173607185678549,0.142085036653471,"7"
"891",891,"avrate+position+height+weight+club+age+refCountry+victories","891",0.779624393488338,0.761048316064594,1.1946144671372,0.94561134483163,1.50918634055474,0.177823511687404,0.135949496218662,"8"
"893",893,"avrate+yellowCards+height+weight+club+age+refCountry+victories","893",0.778455936416202,0.762461027238766,1.19350065856301,0.952567440554951,1.49537320020142,0.17689071858797,0.124153430568714,"8"
"895",895,"avrate+position+yellowCards+height+weight+club+age+refCountry+victories","895",0.77840028759287,0.763570579114069,1.20426528201684,0.958598830925608,1.51289029642436,0.185869656517707,0.110325650103921,"9"
"897",897,"avrate+meanIAT+refCountry+victories","897",0.750688100291531,0.717470966584476,1.29797384151039,1.03429495230595,1.62887393918837,0.260804465159252,0.0243854807342036,"4"
"899",899,"avrate+position+meanIAT+refCountry+victories","899",0.750675190467002,0.720580754858972,1.35332074569175,1.07771210362365,1.69941214779124,0.302561383689283,0.00921145449883201,"5"
"901",901,"avrate+yellowCards+meanIAT+refCountry+victories","901",0.749197684189214,0.721205757030808,1.3026480067538,1.04389299722705,1.625541922407,0.264399121014083,0.0192748414872978,"5"
"903",903,"avrate+position+yellowCards+meanIAT+refCountry+victories","903",0.749195786239117,0.724077622092204,1.36341195923524,1.09185478048436,1.70250861544157,0.309990351534337,0.00623015482951793,"6"
"905",905,"avrate+height+meanIAT+refCountry+victories","905",0.750504523985304,0.718957506139403,1.32755390689222,1.05998760349271,1.66266036498692,0.283338081137896,0.0136152450310398,"5"
"907",907,"avrate+position+height+meanIAT+refCountry+victories","907",0.750541485173335,0.721221805644782,1.35956320789217,1.08393904754111,1.70527311516928,0.307163477494094,0.00787830643154072,"6"
"909",909,"avrate+yellowCards+height+meanIAT+refCountry+victories","909",0.748969705149289,0.723025292658906,1.33348388522423,1.07138532524909,1.65970097802049,0.28779497999566,0.00995161406695016,"6"
"911",911,"avrate+position+yellowCards+height+meanIAT+refCountry+victories","911",0.749067892307312,0.724757488413945,1.36944535217742,1.09805658546646,1.70790886136681,0.314405805439926,0.00526979485493953,"7"
"913",913,"avrate+weight+meanIAT+refCountry+victories","913",0.750500334521765,0.718967646898683,1.29609016767866,1.03493406868583,1.62314660767366,0.259352169336065,0.0238797148098878,"5"
"915",915,"avrate+position+weight+meanIAT+refCountry+victories","915",0.750543617350512,0.721295607598721,1.3398049301935,1.06800822591132,1.68077099728245,0.292524028883367,0.0114474351327997,"6"
"917",917,"avrate+yellowCards+weight+meanIAT+refCountry+victories","917",0.748981215289386,0.722945509232672,1.29847561071665,1.04312153319752,1.61633985874849,0.261190969284781,0.0193954534715188,"6"
"919",919,"avrate+position+yellowCards+weight+meanIAT+refCountry+victories","919",0.749085952629494,0.724747175205463,1.34971242662115,1.08188236748947,1.68384631205601,0.299891552441263,0.00787578423585401,"7"
"921",921,"avrate+height+weight+meanIAT+refCountry+victories","921",0.75047992144699,0.719143769590428,1.31453380350531,1.0492900933623,1.64682687036623,0.273482080722735,0.0173881218766299,"6"
"923",923,"avrate+position+height+weight+meanIAT+refCountry+victories","923",0.750523203254159,0.721366493087032,1.34741910093377,1.0738112142419,1.69074247826972,0.29819098558597,0.0100267700781526,"7"
"925",925,"avrate+yellowCards+height+weight+meanIAT+refCountry+victories","925",0.748948110388838,0.72320839511785,1.32020875448169,1.06039117593049,1.64368696663347,0.27778987142892,0.012977507115267,"7"
"927",927,"avrate+position+yellowCards+height+weight+meanIAT+refCountry+victories","927",0.749059050197595,0.724857103538796,1.3591396642471,1.08926067941343,1.69588479768174,0.306851899753961,0.00658735858903101,"8"
"929",929,"avrate+club+meanIAT+refCountry+victories","929",0.779779798927899,0.757584551697079,1.15705961968234,0.917361878117058,1.45938805114443,0.145881976427883,0.218057211396175,"5"
"931",931,"avrate+position+club+meanIAT+refCountry+victories","931",0.779611373242791,0.760102433793356,1.19487508327298,0.94644447552019,1.50851582058409,0.178041647093583,0.134362516953969,"6"
"933",933,"avrate+yellowCards+club+meanIAT+refCountry+victories","933",0.778542134054146,0.760357945216875,1.16548627607056,0.929224305534504,1.4618195538132,0.153138404281115,0.185206897286861,"6"
"935",935,"avrate+position+yellowCards+club+meanIAT+refCountry+victories","935",0.778372817545925,0.762711755356163,1.2055985367419,0.960264936804759,1.51361127131284,0.186976154611674,0.107248477229546,"7"
"937",937,"avrate+height+club+meanIAT+refCountry+victories","937",0.779651059394291,0.759168916849848,1.17181194361417,0.931415393127997,1.47425438888803,0.158551220613021,0.175910500340474,"6"
"939",939,"avrate+position+height+club+meanIAT+refCountry+victories","939",0.779531257435715,0.760861760977432,1.19003093732698,0.944012114008781,1.50016468091867,0.173979304539271,0.140922411867016,"7"
"941",941,"avrate+yellowCards+height+club+meanIAT+refCountry+victories","941",0.778358448823708,0.762264724838613,1.17953094823891,0.943465671444669,1.47466230087946,0.165116857960464,0.147282841687316,"7"
"943",943,"avrate+position+yellowCards+height+club+meanIAT+refCountry+victories","943",0.778293804857872,0.763526499012409,1.20034639222853,0.957644717241771,1.50455741612188,0.182610175330059,0.113091181889325,"8"
"945",945,"avrate+weight+club+meanIAT+refCountry+victories","945",0.779688920215779,0.759041981804654,1.12618021981917,0.894657694999117,1.41761692164644,0.118831570035733,0.311541830603901,"6"
"947",947,"avrate+position+weight+club+meanIAT+refCountry+victories","947",0.779562531639421,0.760824424416581,1.15653565433991,0.916527649056815,1.45939374675267,0.145429031734163,0.220396481279845,"7"
"949",949,"avrate+yellowCards+weight+club+meanIAT+refCountry+victories","949",0.778403749659775,0.762056037308766,1.13018736199853,0.903324495201433,1.41402505966183,0.122383426058122,0.284365728418332,"7"
"951",951,"avrate+position+yellowCards+weight+club+meanIAT+refCountry+victories","951",0.778335730049452,0.763411849763279,1.16760496436664,0.930441242368042,1.46522025328962,0.154954611758771,0.181023861863035,"8"
"953",953,"avrate+height+weight+club+meanIAT+refCountry+victories","953",0.779659314523137,0.759285897333518,1.14982154783561,0.912959516067264,1.44813605488468,0.139606754539028,0.235538415570875,"7"
"955",955,"avrate+position+height+weight+club+meanIAT+refCountry+victories","955",0.779539890893957,0.760947127237065,1.16854228680465,0.925711427255264,1.47507207521389,0.155757063306152,0.190030321864068,"8"
"957",957,"avrate+yellowCards+height+weight+club+meanIAT+refCountry+victories","957",0.778362550823075,0.762384643146786,1.15711016352507,0.92454329301819,1.44817872850728,0.145925658480169,0.202430440383179,"8"
"959",959,"avrate+position+yellowCards+height+weight+club+meanIAT+refCountry+victories","959",0.778306085923438,0.76358127850938,1.18173947129189,0.941472490508741,1.48332340252937,0.16698748123065,0.149891224335114,"9"
"961",961,"avrate+age+meanIAT+refCountry+victories","961",0.75095266421904,0.718319566975679,1.33522968937938,1.06346225117435,1.67644720950971,0.289103329022542,0.0127783888050865,"5"
"963",963,"avrate+position+age+meanIAT+refCountry+victories","963",0.750929966818622,0.721093566163853,1.37126280310716,1.09139851521284,1.72289191250971,0.315732069378419,0.00671004144293619,"6"
"965",965,"avrate+yellowCards+age+meanIAT+refCountry+victories","965",0.749470563639015,0.72185306816246,1.33796173318038,1.07153442243342,1.6706337771116,0.291147361282385,0.0101757767644937,"6"
"967",967,"avrate+position+yellowCards+age+meanIAT+refCountry+victories","967",0.749457298797289,0.724345326600964,1.37915228234407,1.1036473615335,1.72343185349709,0.321469022260368,0.00469370545472088,"7"
"969",969,"avrate+height+age+meanIAT+refCountry+victories","969",0.750766915289767,0.719557075223235,1.35917448172325,1.08452276654844,1.70338081296992,0.306877516716741,0.00771116168519232,"6"
"971",971,"avrate+position+height+age+meanIAT+refCountry+victories","971",0.750794599870755,0.721694377987059,1.37693446917039,1.09715569491643,1.72805786924704,0.319859629050111,0.00577927855144476,"7"
"973",973,"avrate+yellowCards+height+age+meanIAT+refCountry+victories","973",0.74922954230999,0.723438134459784,1.36315939752993,1.09440791700538,1.69790762128144,0.309805091973531,0.00568941338318872,"7"
"975",975,"avrate+position+yellowCards+height+age+meanIAT+refCountry+victories","975",0.749324967494837,0.724991944331437,1.3846267098378,1.10939762851062,1.72813703249942,0.325430579728474,0.00400039829090725,"8"
"977",977,"avrate+weight+age+meanIAT+refCountry+victories","977",0.750766084948784,0.719397048228559,1.32911585398349,1.06037470652108,1.66596670256878,0.284513949734168,0.013564094692155,"6"
"979",979,"avrate+position+weight+age+meanIAT+refCountry+victories","979",0.750805981998592,0.721642634854303,1.35883997532396,1.08237630736277,1.70591878811291,0.306631376450554,0.00824135689157305,"7"
"981",981,"avrate+yellowCards+weight+age+meanIAT+refCountry+victories","981",0.749242363002645,0.723193465896092,1.32941463711536,1.06694353568826,1.65645436544728,0.284738722881689,0.011167900225493,"7"
"983",983,"avrate+position+yellowCards+weight+age+meanIAT+refCountry+victories","983",0.749347857464886,0.724877919919759,1.36652265086286,1.09438298290818,1.70633515367621,0.312269302072143,0.00585226566353775,"8"
"985",985,"avrate+height+weight+age+meanIAT+refCountry+victories","985",0.750748944430171,0.719624657318216,1.35204565579073,1.07831641286456,1.69526071710846,0.301618746126596,0.00896877387360234,"7"
"987",987,"avrate+position+height+weight+age+meanIAT+refCountry+victories","987",0.750780881508913,0.721756163088133,1.37027952782168,1.09127634710011,1.72061457151234,0.315014753934077,0.00668916572841716,"8"
"989",989,"avrate+yellowCards+height+weight+age+meanIAT+refCountry+victories","989",0.749211153241274,0.723513073479158,1.35549013053335,1.0877185990434,1.68918091093523,0.30416310887759,0.00675322884340581,"8"
"991",991,"avrate+position+yellowCards+height+weight+age+meanIAT+refCountry+victories","991",0.749317261916767,0.725032218281392,1.37951295167555,1.10466585240845,1.72274356059025,0.321730503304962,0.00453896542002067,"9"
"993",993,"avrate+club+age+meanIAT+refCountry+victories","993",0.779866585254896,0.757930732523163,1.19510806149954,0.946819848241427,1.50850584861947,0.178236609328196,0.133600205842905,"6"
"995",995,"avrate+position+club+age+meanIAT+refCountry+victories","995",0.779703732219556,0.760231537283377,1.21473123981088,0.961517698150893,1.53462800301042,0.194522850522043,0.102902226964739,"7"
"997",997,"avrate+yellowCards+club+age+meanIAT+refCountry+victories","997",0.778642870540346,0.760580325312626,1.20063319396088,0.956464253111075,1.50713428311815,0.18284907926357,0.114968276551603,"7"
"999",999,"avrate+position+yellowCards+club+age+meanIAT+refCountry+victories","999",0.778478791827981,0.762709772319272,1.22235185062943,0.972850980776846,1.535840613065,0.200776749444126,0.0847678930431841,"8"
"1001",1001,"avrate+height+club+age+meanIAT+refCountry+victories","1001",0.779744316080551,0.759385086002451,1.20498244469405,0.957000084418494,1.51722315981103,0.186464998117864,0.112716037974648,"7"
"1003",1003,"avrate+position+height+club+age+meanIAT+refCountry+victories","1003",0.779621321210023,0.760989440355574,1.20984613383786,0.959114109554909,1.52612463207499,0.190493189405391,0.107910244607247,"8"
"1005",1005,"avrate+yellowCards+height+club+age+meanIAT+refCountry+victories","1005",0.778456375863219,0.762383350997952,1.20984447869127,0.966906166230829,1.51382183063907,0.190491821340747,0.0957752202189188,"8"
"1007",1007,"avrate+position+yellowCards+height+club+age+meanIAT+refCountry+victories","1007",0.77839460695135,0.763529953894666,1.21710506965628,0.970309704711112,1.52667209592019,0.196475145246923,0.089265054071201,"9"
"1009",1009,"avrate+weight+club+age+meanIAT+refCountry+victories","1009",0.779777202939719,0.759171339868949,1.16029691949099,0.920810221487786,1.46206993576269,0.148675937443238,0.207488192491632,"7"
"1011",1011,"avrate+position+weight+club+age+meanIAT+refCountry+victories","1011",0.779650266828805,0.760891537039859,1.17818579360452,0.932976382089843,1.4878423408127,0.163975792321434,0.168430030281768,"8"
"1013",1013,"avrate+yellowCards+weight+club+age+meanIAT+refCountry+victories","1013",0.778498945963711,0.762094151903915,1.16111560495442,0.927077445560615,1.45423605603242,0.149381271362787,0.193368669520683,"8"
"1015",1015,"avrate+position+yellowCards+weight+club+age+meanIAT+refCountry+victories","1015",0.778432869974912,0.763368010686639,1.18599772031814,0.944323347340592,1.48952220292029,0.1705843784136,0.142313450864798,"9"
"1017",1017,"avrate+height+weight+club+age+meanIAT+refCountry+victories","1017",0.779746917147171,0.759452407290255,1.18958816264822,0.943490495717084,1.49987732058416,0.173607165415088,0.142085004931525,"8"
"1019",1019,"avrate+position+height+weight+club+age+meanIAT+refCountry+victories","1019",0.779624392549001,0.761048320423468,1.19461446479201,0.945611346640575,1.50918633174221,0.177823509724271,0.135949494049001,"9"
"1021",1021,"avrate+yellowCards+height+weight+club+age+meanIAT+refCountry+victories","1021",0.778455934247159,0.762461028497825,1.19350063441998,0.952567437846145,1.49537314395473,0.176890698359219,0.124153444584436,"9"
"1023",1023,"avrate+position+yellowCards+height+weight+club+age+meanIAT+refCountry+victories","1023",0.778400291444466,0.763570577408393,1.20426533345415,0.95859884214753,1.51289040795257,0.185869699230317,0.110325616668945,"10"
